address;flats;entrances;floors
Улица Урывского, 3;117;6;9
улица Урывского, 11;144;4;9
улица Урывского, 15-а;75;2;10
улица Урывского, 17/1;108;3;9
улица Урывского, 13;232;6;1
улица Урывского, 17;187;5;9
улица Урывского, 9;223;7;9
улица Урывского, 17-д;107;3;9
улица Урывского, 15;100;2;10
улица Урывского, 5;96;1;12
улица Урывского, 17-е;108;5;9
улица Урывского, 17/2;72;2;9
улица Урывского, 13-а;76;2;9
улица Урывского, 17/4;72;2;9
улица Урывского, 17-а;179;5;9
улица Урывского, 17/3;72;2;9
улица Урывского, 17-в;72;2;9
бульвар Победы, 7;360;11;9
бульвар Победы, 43;325;5;13
бульвар Победы, 42;435;6;15
бульвар Победы, 50;365;4;1
бульвар Победы, 35;165;3;13
бульвар Победы, 8;270;8;9
бульвар Победы, 19;302;9;9
бульвар Победы, 24;134;4;9
бульвар Победы, 48-а;270;5;1
бульвар Победы, 33;171;5;9
бульвар Победы, 50-б;280;3;17
бульвар Победы, 18;143;4;9
бульвар Победы, 1;177;3;1
бульвар Победы, 9;300;9;9
бульвар Победы, 31;233;7;9
бульвар Победы, 25;542;16;9
бульвар Победы, 50-в;280;3;17
бульвар Победы, 49;363;6;13
бульвар Победы, 37;194;5;9
бульвар Победы, 16;125;4;9
бульвар Победы, 15;143;4;9
бульвар Победы, 21;128;1;16
бульвар Победы, 3;248;7;9
бульвар Победы, 2;127;2;13
бульвар Победы, 51-а;633;14;7
бульвар Победы, 50-а;278;3;17
бульвар Победы, 36;92;1;16
бульвар Победы, 22;199;6;9
бульвар Победы, 6;108;3;9
бульвар Победы, 13;240;6;1
бульвар Победы, 17;107;3;9
бульвар Победы, 12;293;9;9
бульвар Победы, 41;107;3;9
бульвар Победы, 51;260;4;13
бульвар Победы, 28;99;3;9
бульвар Победы, 26;134;4;9
бульвар Победы, 47;175;5;9
бульвар Победы, 10;99;3;9
бульвар Победы, 18-а;79;2;10
бульвар Победы, 20;72;2;10
бульвар Победы, 4;108;3;9
улица Генерала Лизюкова, 23;242;7;9
улица Генерала Лизюкова, 17;374;11;9
улица Генерала Лизюкова, 95;124;1;16
улица Генерала Лизюкова, 43;215;6;9
улица Генерала Лизюкова, 85;354;11;9
улица Генерала Лизюкова, 3;215;9;9
улица Генерала Лизюкова, 99;354;11;9
улица Генерала Лизюкова, 66;191;5;2
улица Генерала Лизюкова, 69;143;4;9
улица Генерала Лизюкова, 21;128;1;16
улица Генерала Лизюкова, 8;143;4;9
улица Генерала Лизюкова, 69-а;108;3;9
улица Генерала Лизюкова, 12;107;3;9
улица Генерала Лизюкова, 53;250;8;9
улица Генерала Лизюкова, 67;142;4;9
улица Генерала Лизюкова, 73;324;10;9
улица Генерала Лизюкова, 61;419;12;9
улица Генерала Лизюкова, 54;171;5;9
улица Генерала Лизюкова, 18;128;1;16
улица Генерала Лизюкова, 34;342;9;9
улица Генерала Лизюкова, 35;142;4;9
улица Генерала Лизюкова, 65;324;9;9
улица Генерала Лизюкова, 103;162;5;9
улица Генерала Лизюкова, 70;107;3;9
улица Генерала Лизюкова, 55;143;4;9
улица Генерала Лизюкова, 105;162;5;9
улица Генерала Лизюкова, 76-а;78;2;10
улица Генерала Лизюкова, 47;141;4;9
улица Генерала Лизюкова, 78;189;5;9
улица Генерала Лизюкова, 36-а;175;3;12
улица Генерала Лизюкова, 97;133;4;9
улица Генерала Лизюкова, 31;215;6;9
улица Генерала Лизюкова, 61-в;210;4;п
улица Генерала Лизюкова, 93;143;4;9
улица Генерала Лизюкова, 51;60;4;5
улица Генерала Лизюкова, 91-а;143;4;9
улица Генерала Лизюкова, 40;127;1;16
улица Генерала Лизюкова, 32;143;4;9
улица Генерала Лизюкова, 44;206;6;9
улица Генерала Лизюкова, 6;128;1;16
улица Генерала Лизюкова, 14;341;9;9
улица Генерала Лизюкова, 56;324;10;9
улица Генерала Лизюкова, 16;218;7;9
улица Генерала Лизюкова, 70-а;178;5;9
улица Генерала Лизюкова, 72;218;4;10
улица Генерала Лизюкова, 27;136;4;9
улица Генерала Лизюкова, 77;128;1;16
улица Генерала Лизюкова, 46;226;7;9
улица Генерала Лизюкова, 28;145;4;9
улица Генерала Лизюкова, 57;128;1;16
улица Генерала Лизюкова, 75;126;1;16
улица Генерала Лизюкова, 46-а;87;2;10
улица Генерала Лизюкова, 63;378;11;9
улица Генерала Лизюкова, 76;178;4;10
улица Генерала Лизюкова, 93-а;68;1;12
улица Генерала Лизюкова, 36;120;1;16
улица Генерала Лизюкова, 80;274;7;9
улица Генерала Лизюкова, 38;225;7;9
улица Генерала Лизюкова, 101;99;3;9
улица Генерала Лизюкова, 91-б;67;1;12
улица Генерала Лизюкова, 59;112;1;16
улица Генерала Лизюкова, 79;126;1;16
улица Генерала Лизюкова, 89;128;1;16
улица Генерала Лизюкова, 71;143;4;9
улица Генерала Лизюкова, 25;140;4;9
улица Генерала Лизюкова, 91;143;4;9
улица Генерала Лизюкова, 29;144;4;9
улица Шишкова, 142;408;5;17
улица Шишкова, 71;128;4;9
улица Шишкова, 57;124;3;1
улица Шишкова, 70-а;179;5;10
улица Шишкова, 95-а;112;1;16
улица Шишкова, 144-б;620;10;10
улица Шишкова, 72/5;267;2;17
улица Шишкова, 72-б;193;12;45
улица Шишкова, 107;119;3;10
улица Шишкова, 99;160;4;10
улица Шишкова, 72/1;425;3;17
улица Шишкова, 95;120;3;10
улица Шишкова, 146;408;5;43
улица Шишкова, 72/3;425;3;17
улица Шишкова, 144-в;580;10;10
улица Шишкова, 72/4;425;3;17
улица Шишкова, 107-а;112;1;16
улица Шишкова, 72/2;425;3;17
улица Шишкова, 105;157;4;10
улица Шишкова, 142/8;309;5;10
улица Шишкова, 61;215;6;9
улица Шишкова, 97;239;6;10
улица Шишкова, 4-а;138;1;9
улица Шишкова, 142/5;579;10;10
улица Шишкова, 1;117;3;9
улица Шишкова, 6;161;4;9
улица Шишкова, 70;362;3;17
улица Шишкова, 146-б;620;10;10
улица Шишкова, 101;199;5;10
улица Шишкова, 144;408;5;43
улица Шишкова, 146-в;580;10;10
улица Шишкова, 73;160;4;10
улица Шишкова, 105-а;111;1;16
улица Шишкова, 103-а;112;1;16
улица Шишкова, 65;128;5;9
улица Шишкова, 8;107;2;9
улица Шишкова, 75;198;5;10
улица Шишкова, 63;104;2;9
улица Хользунова, 60-б;312;5;17
улица Хользунова, 66;276;1;9
улица Хользунова, 82;142;4;9
улица Хользунова, 112;139;4;9
улица Хользунова, 125;162;5;9
улица Хользунова, 68;266;1;9
улица Хользунова, 29;70;4;5
улица Хользунова, 98;214;6;9
улица Хользунова, 46;270;1;9
улица Хользунова, 9/4;147;1;22
улица Хользунова, 54;141;4;9
улица Хользунова, 74;210;1;9
улица Хользунова, 60;304;9;9
улица Хользунова, 94;142;4;9
улица Хользунова, 99-б;476;2;18
улица Хользунова, 88;387;12;9
улица Хользунова, 72;225;1;9
улица Хользунова, 7;90;6;5
улица Хользунова, 64;273;1;9
улица Хользунова, 58;142;4;9
улица Хользунова, 118;115;3;9
улица Хользунова, 10;120;3;10
улица Хользунова, 3;232;7;9
улица Хользунова, 13;131;4;9
улица Хользунова, 40-д;346;9;10
улица Хользунова, 70-а;50;1;10
улица Хользунова, 115;180;1;12
улица Хользунова, 21;90;6;5
улица Хользунова, 80;374;11;9
улица Хользунова, 102;142;4;9
улица Хользунова, 38/3;159;4;13
улица Хользунова, 17;215;6;9
улица Хользунова, 121;116;3;9
улица Хользунова, 92;141;4;9
улица Хользунова, 111;104;3;9
улица Хользунова, 102-в;256;3;16
улица Хользунова, 100;140;4;9
улица Хользунова, 96;374;11;9
улица Хользунова, 107;215;6;9
улица Хользунова, 110-в;67;1;12
улица Хользунова, 112-в;67;1;12
улица Хользунова, 12;274;6;1
улица Хользунова, 110;234;7;9
улица Хользунова, 100-в;205;1;12
улица Хользунова, 33;127;4;9
улица Хользунова, 38/4;253;4;42
улица Хользунова, 37;90;6;5
улица Хользунова, 108;128;1;16
улица Хользунова, 9;52;1;9
улица Хользунова, 64-а;119;1;17
улица Хользунова, 72-а;213;5;10
улица Хользунова, 15;198;6;9
улица Хользунова, 117;78;2;9
улица Хользунова, 40-в;260;7;10
улица Хользунова, 76;216;1;9
улица Хользунова, 38/1;164;4;9
улица Хользунова, 10-б;100;2;10
улица Хользунова, 113;81;1;12
улица Хользунова, 116;162;5;9
улица Хользунова, 19;90;6;5
улица Хользунова, 35;191;6;9
улица Хользунова, 119;82;1;12
улица Хользунова, 72-б;202;4;16
улица Хользунова, 25;53;1;9
улица Хользунова, 109;180;5;9
улица Хользунова, 114;215;6;9
улица Хользунова, 21-а;129;8;5
улица Хользунова, 84;141;4;9
улица Хользунова, 123;88;1;9
улица Хользунова, 31;215;6;9
улица Хользунова, 38;266;4;42
улица Хользунова, 98-в;65;1;12
улица Хользунова, 40-б;128;1;16
улица Хользунова, 40-г;160;3;10
улица Хользунова, 48;98;2;10
улица Багрицкого, 1;50;2;4
проспект Труда, 22;79;2;10
проспект Труда, 4-а;167;4;10
проспект Труда, 37;92;6;5
проспект Труда, 151;129;4;10
проспект Труда, 6/4;84;1;12
проспект Труда, 59;97;10;4
проспект Труда, 25;109;1;3
проспект Труда, 23;78;4;5
проспект Труда, 8-а;124;2;9
проспект Труда, 21;78;4;5
проспект Труда, 27;98;5;5
проспект Труда, 42;49;5;4
проспект Труда, 40;32;2;5
проспект Труда, 6/3;84;1;12
проспект Труда, 72;589;8;17
проспект Труда, 35;97;6;5
проспект Труда, 155;100;1;10
проспект Труда, 68;379;2;25
проспект Труда, 157;90;1;15
проспект Труда, 109;72;1;4
проспект Труда, 6;161;2;12
проспект Труда, 8-б;155;5;9
проспект Труда, 3;104;3;9
проспект Труда, 31;56;4;5
проспект Труда, 12;44;3;4
проспект Труда, 6/5;84;1;12
проспект Труда, 24;119;3;10
проспект Труда, 1;119;8;5
проспект Труда, 33;56;4;5
проспект Труда, 10;70;4;5
проспект Труда, 8-в;49;2;9
проспект Труда, 8;124;2;9
проспект Труда, 61;73;4;5
проспект Труда, 29;69;4;5
проспект Труда, 4;182;9;5
проспект Труда, 32;32;2;4
проспект Труда, 159;54;2;5
улица Загородная, 7-а;207;4;1
улица Загородная, 47;80;5;4
улица Загородная, 15;100;1;10
улица Челюскинцев, 101-б;554;5;20
улица Челюскинцев, 101-в;530;6;18
улица Челюскинцев, 84-а;71;1;9
улица Челюскинцев, 82;40;2;5
улица Челюскинцев, 84;356;2;9
улица Челюскинцев, 80;32;2;4
улица Челюскинцев, 149;60;4;5
улица Челюскинцев, 101-а;202;3;17
улица Челюскинцев, 136;173;8;5
улица Челюскинцев, 69;85;2;10
Московский проспект, 132;570;6;22
Московский проспект, 179/2;151;1;17
Московский проспект, 13/1;150;1;17
Московский проспект, 112;691;23;?
Московский проспект, 145-а;212;5;2
Московский проспект, 179/4;151;1;17
Московский проспект, 114;734;23;4
Московский проспект, 104;358;5;9
Московский проспект, 98;439;11;10
Московский проспект, 104-б;128;2;17
Московский проспект, 93/2;112;1;16
Московский проспект, 104-в;392;5;1
Московский проспект, 110-е;77;1;17
Московский проспект, 126;683;5;45
Московский проспект, 94;320;8;10
Московский проспект, 123;94;3;9
Московский проспект, 110-б;77;1;17
Московский проспект, 95;232;7;9
Московский проспект, 90 корпус 1;1163;8;17
Московский проспект, 93;128;1;16
Московский проспект, 120;707;5;45
Московский проспект, 113;50;1;10
Московский проспект, 125;320;6;9
Московский проспект, 15;120;1;4
Московский проспект, 90-а;140;6;45
Московский проспект, 122;683;5;45
Московский проспект, 101;170;5;9
Московский проспект, 109;294;6;9
Московский проспект, 110-а;196;5;5
Московский проспект, 117-б;114;2;12
Московский проспект, 97-а корп 1;183;4;42
Московский проспект, 179/3;151;1;19
Московский проспект, 142/1;296;5;14
Московский проспект, 105;187;5;45
Московский проспект, 44-а;127;4;10
Московский проспект, 48-а;328;4;43
Московский проспект, 7;130;7;5
Московский проспект, 110-д;160;1;17
Московский проспект, 99;143;4;9
Московский проспект, 91;207;6;9
Московский проспект, 109/1;80;2;9
Московский проспект, 142-у;296;4;2
Московский проспект, 130 корп. 1;557;4;14
Московский проспект, 131-в;88;2;1
Московский проспект, 20;136;10;5
Московский проспект, 30;43;1;9
Московский проспект, 129-а;270;1;9
Московский проспект, 131-а;158;4;10
Московский проспект, 127;252;7;9
Московский проспект, 124;683;5;45
Московский проспект, 13/2;469;6;17
Московский проспект, 82;267;4;13
Московский проспект, 175;376;9;10
Московский проспект, 92;280;7;10
Московский проспект, 128;683;5;45
Московский проспект, 3;89;6;5
Московский проспект, 111;134;4;9
Московский проспект, 104-а;128;2;17
Московский проспект, 110-г;78;1;17
Московский проспект, 179-а;84;1;9
Московский проспект, 52;97;1;19
Московский проспект, 10;123;12;4
Московский проспект, 179/7;151;1;19
Московский проспект, 131-б;88;2;1=
Московский проспект, 19;282;2;17
Московский проспект, 24;124;8;5
Московский проспект, 179/6 ;152;1;17
Московский проспект, 110-и;77;1;17
Московский проспект, 102;440;11;10
Московский проспект, 100;357;9;10
Московский проспект, 78;36;3;3
Московский проспект, 117-а;140;2;13
Московский проспект, 97-а;193;3;15
Московский проспект, 56;65;4;5
Московский проспект, 142/2;336;4;12
Московский проспект, 179/8;151;1;17
Московский проспект, 179/5;147;1;27
Московский проспект, 110-в;78;1;17
Московский проспект, 119;151;4;10
Московский проспект, 92-а;76;2;10
Московский проспект, 48-б;160;2;2
Московский проспект, 109-а;70;1;15
Московский проспект, 58;53;4;5
Московский проспект, 117-в;74;2;10
Московский проспект, 8;116;9;5
Московский проспект, 5;128;8;5
улица Любы Шевцовой, 27;238;6;10
улица Любы Шевцовой, 17-а;183;1;9
улица Любы Шевцовой, 17;260;1;9
улица Любы Шевцовой, 13;100;5;5
улица Любы Шевцовой, 3;93;5;5
улица Любы Шевцовой, 21;256;1;9
улица Любы Шевцовой, 9;130;8;5
улица Любы Шевцовой, 1;83;1;12
улица Любы Шевцовой, 11;70;4;5
улица Любы Шевцовой, 29;276;7;10
улица Любы Шевцовой, 25;197;5;10
улица Средне-Московская, 67;152;4;9
улица Средне-Московская, 6-а;141;4;1
улица Средне-Московская, 69;150;4;9
улица Средне-Московская, 7;289;9;9
улица Средне-Московская, 62-а;288;1;19
улица Средне-Московская, 45;120;6;5
улица Средне-Московская, 15/17;60;1;4
улица Средне-Московская, 9;107;3;9
улица Средне-Московская, 70-а;32;1;9
улица Средне-Московская, 70;39;1;10
улица Средне-Московская, 1;79;1;12
улица Средне-Московская, 3;82;1;12
улица Средне-Московская, 27;82;1;12
улица Средне-Московская, 75;97;5;1=
улица Средне-Московская, 73;56;4;5
улица Миронова, 45;189;3;10
улица Миронова, 43;250;4;10
улица Миронова, 47;460;6;16
улица Миронова, 39;238;6;10
улица Миронова, 45-а;96;1;16
улица Фридриха Энгельса, 34;97;2;9
улица Фридриха Энгельса, 50;55;3;5
улица Фридриха Энгельса, 5-а;236;5;-1
улица Фридриха Энгельса, 33-е;44;1;13
улица Фридриха Энгельса, 65;56;4;5
улица Фридриха Энгельса, 24-а;69;1;12
улица Фридриха Энгельса, 20;32;3;4
улица Фридриха Энгельса, 14;74;4;5
улица Фридриха Энгельса, 39;73;4;5
улица Фридриха Энгельса, 16;71;3;6
улица Фридриха Энгельса, 7-а;62;2;11
улица Фридриха Энгельса, 25-б;46;2;11
улица Фридриха Энгельса, 70;74;5;5
улица Фридриха Энгельса, 63;90;3;10
улица Фридриха Энгельса, 42;41;3;4
улица Фридриха Энгельса, 74;36;3;45
улица Фридриха Энгельса, 33-в;32;1;12
улица Фридриха Энгельса, 32-а;56;4;5
улица Фридриха Энгельса, 24;68;4;5
улица Фридриха Энгельса, 43;35;2;5
улица Фридриха Энгельса, 12;50;6;5
проспект Патриотов, 38-а;157;4;10
проспект Патриотов, 31/2;204;4;п
проспект Патриотов, 40;90;6;5
проспект Патриотов, 1-д;150;4;15
проспект Патриотов, 7-б;160;1;9
проспект Патриотов, 32;129;8;5
проспект Патриотов, 31/1;204;4;43
проспект Патриотов, 30;128;4;9
проспект Патриотов, 50-в;200;5;10
проспект Патриотов, 50-а;160;4;10
проспект Патриотов, 22;120;3;10
проспект Патриотов, 12;80;4;5
проспект Патриотов, 31;204;4;10
проспект Патриотов, 50-б;400;10;10
проспект Патриотов, 34;129;8;5
проспект Патриотов, 16;80;4;5
проспект Патриотов, 14;144;4;9
проспект Патриотов, 36;129;8;5
проспект Патриотов, 2-а;68;1;12
проспект Патриотов, 8;136;4;9
проспект Патриотов, 28;56;4;5
проспект Патриотов, 1-е;300;4;18
проспект Патриотов, 50;120;3;10
проспект Патриотов, 4-а;112;5;1
проспект Патриотов, 6;80;4;5
проспект Патриотов, 8-а;136;3;9
проспект Патриотов, 26;56;4;5
улица МОПРа, 2-а;188;6;1
улица МОПРа, 8-б;190;6;п
улица МОПРа, 18-б;99;3;1=
улица МОПРа, 15;250;7;9
улица МОПРа, 19/1;218;3;17
улица МОПРа, 12-а;122;4;-1
улица МОПРа, 15/1;141;4;9
улица Советская, 53-а;90;2;10
улица Советская, 53;179;4;10
улица Советская, 53-б;129;3;10
улица Минская, 63-а;438;5;9
улица Минская, 45;146;2;5
улица Минская, 75-а;119;3;10
улица Минская, 43/3;130;2;13
улица Минская, 19/1;139;3;5
улица Минская, 67/1;269;3;9
улица Минская, 55;118;3;10
улица Минская, 63;359;9;10
улица Минская, 79;85;1;9
улица Минская, 69-в;319;3;16
улица Минская, 49;160;4;10
улица Минская, 51;120;3;10
улица Минская, 69/1;423;5;9
улица Минская, 31;119;8;5
улица Минская, 69/2;359;4;10
улица Минская, 67;320;8;10
улица Минская, 67-а;319;4;16
улица Минская, 27;54;1;9
улица Минская, 25;119;8;5
улица Минская, 53;120;3;10
улица Минская, 19/2;159;3;5
улица Минская, 59;79;2;10
улица Минская, 2-в;162;3;9
улица Минская, 67-б;140;2;10
улица Минская, 71-а;158;4;10
улица Минская, 11;37;2;5
улица Минская, 3;47;3;4
улица Минская, 7;31;2;4
улица Минская, 61;156;3;1
улица Минская, 57;81;2;10
улица Минская, 69-д;102;1;17
улица Минская, 1;75;2;9
улица Минская, 73;119;3;10
улица Минская, 69-а;160;2;10
улица Минская, 67-в;140;2;10
улица Минская, 81;87;1;9
улица Минская, 17/2;158;3;5
улица Минская, 71;119;3;10
улица Минская, 65;156;3;14
улица Минская, 7-а;32;2;4
улица Минская, 75;119;3;10
улица Минская, 77;87;1;9
улица Минская, 69;160;2;10
улица Минская, 35;104;8;5
улица Минская, 25-а;57;1;10
улица Минская, 83;87;1;9
улица Минская, 69-б;168;3;14
улица Минская, 29;119;8;5
улица Пирогова, 41;119;3;10
улица Пирогова, 35;119;3;10
улица Пирогова, 36;115;3;10
улица Пирогова, 37;50;1;10
улица Пирогова, 39;75;2;10
улица Пирогова, 72-а;182;2;13
улица Путиловская, 11;143;4;9
улица Путиловская, 13-а;73;6;5
улица Путиловская, 3;259;6;10
улица Путиловская, 13;74;6;5
улица Путиловская, 17;129;8;5
улица Путиловская, 9;224;6;9
улица Путиловская, 5;143;4;9
улица Путиловская, 7;143;4;9
улица Путиловская, 1;143;4;9
улица Путиловская, 2-а;113;3;10
улица Путиловская, 9-а;200;5;10
улица Путиловская, 2/1;257;2;17
улица Путиловская, 15-а;118;2;5
улица Путиловская, 5-а;120;8;5
улица Революции 1905 года, 80-г;234;4;?
улица Революции 1905 года, 31-а;441;6;16
улица Революции 1905 года, 42;180;5;9
улица Революции 1905 года, 23;78;6;5
улица Революции 1905 года, 80-в;208;3;43
улица Революции 1905 года, 31-г;157;1;17
улица Революции 1905 года, 66;600;10;10
улица Революции 1905 года, 5;52;1;12
улица Революции 1905 года, 51;70;4;5
улица Революции 1905 года, 31-в;210;3;19
улица Революции 1905 года, 80-б;242;4;1
улица Революции 1905 года, 31ю;236;4;43
улица Революции 1905 года, 35;48;3;5
улица Революции 1905 года, 31-д;164;1;16
улица Революции 1905 года, 25;100;6;5
улица Революции 1905 года, 80;48;3;4
улица Революции 1905 года, 31-е;180;1;25
улица Революции 1905 года, 7;70;4;5
улица Революции 1905 года, 40;81;1;12
улица Революции 1905 года, 49;70;4;5
улица Маршала Жукова, 5;135;4;9
улица Маршала Жукова, 5-а;178;5;9
улица Маршала Жукова, 20;80;1;16
улица Маршала Жукова, 26;80;2;10
улица Маршала Жукова, 16;87;1;16
улица Маршала Жукова, 4;342;10;9
улица Маршала Жукова, 7;128;1;16
улица Маршала Жукова, 9;170;5;9
улица Маршала Жукова, 3;267;8;9
улица Маршала Жукова, 18;80;2;10
улица Маршала Жукова, 6;135;4;9
улица Маршала Жукова, 22;80;2;9
улица Маршала Жукова, 24;87;1;16
улица Маршала Жукова, 12;180;5;9
улица Маршала Жукова, 8;135;4;9
улица Маршала Жукова, 10;108;3;9
улица Боровская, 1;125;10;5
переулок Ученический, 5;158;3;10
улица Морозова, 10;135;4;9
улица Морозова, 12;200;4;9
улица Краснозвездная, 36;215;6;9
улица Краснозвездная, 28;56;4;5
улица Краснозвездная, 24;60;4;5
улица Краснозвездная, 2;128;4;9
улица Краснозвездная, 38;89;6;5
улица Краснозвездная, 16;60;4;5
улица Краснозвездная, 12;60;4;5
улица Краснозвездная, 8;136;4;9
улица Краснозвездная, 10;203;6;9
улица Краснозвездная, 32;56;4;5
улица Краснозвездная, 6;136;4;9
улица Краснозвездная, 14;120;8;5
улица Краснозвездная, 4;66;2;9
улица Краснозвездная, 40;56;4;5
улица Краснозвездная, 26;80;1;12
улица Краснозвездная, 22;60;4;5
Спортивная набережная, 23;286;7;1
Спортивная набережная, 13;165;3;1=
Спортивная набережная, 19;144;4;9
Спортивная набережная, 4;248;6;1=
Спортивная набережная, 19-а;232;2;21
Спортивная набережная, 23-б;67;2;4
Спортивная набережная, 7;168;3;1
Спортивная набережная, 6;72;2;9
Спортивная набережная, 3;108;3;9
улица Димитрова, 74;102;3;9
улица Димитрова, 2;125;4;9
улица Димитрова, 56-а;47;1;9
улица Димитрова, 2-а;238;3;16
улица Димитрова, 79;205;6;9
улица Димитрова, 144;398;10;10
улица Димитрова, 142;323;9;10
улица Димитрова, 153;70;2;9
улица Димитрова, 132-а;107;3;9
улица Димитрова, 134;32;2;4
улица Димитрова, 135;48;3;4
улица Димитрова, 27;288;7;1
улица Димитрова, 155;215;6;9
улица Димитрова, 8;234;7;9
улица Димитрова, 72;119;3;9
улица Димитрова, 131;228;5;45
улица Димитрова, 136;97;8;5
улица Димитрова, 157;499;9;45
улица Димитрова, 4;225;7;9
улица Димитрова, 126;314;4;5
улица Димитрова, 6;232;7;9
улица Димитрова, 130;64;4;5
улица Димитрова, 136-а;71;2;9
улица Димитрова, 132;32;2;4
улица Димитрова, 137;54;1;9
улица Димитрова, 139/2;32;2;4
улица Димитрова, 102;77;1;12
улица Березовая Роща, 4-б;72;2;9
улица Березовая Роща, 8;118;6;5
улица Березовая Роща, 8-а;319;4;15
улица Березовая Роща, 36-а;147;1;9
улица Березовая Роща, 54/2;160;1;16
улица Березовая Роща, 18;78;4;5
улица Березовая Роща, 24/1;405;6;1
улица Березовая Роща, 60;80;4;5
улица Березовая Роща, 34;60;3;5
улица Березовая Роща, 62;80;4;5
улица Березовая Роща, 54/1;159;1;16
улица Березовая Роща, 27;150;3;5
улица Березовая Роща, 24;83;1;12
улица Березовая Роща, 24-а;83;1;12
улица Березовая Роща, 12;120;6;5
улица Березовая Роща, 30;148;3;5
улица Березовая Роща, 6;54;1;9
улица Березовая Роща, 40;116;6;5
улица Березовая Роща, 38-а;88;2;9
улица Березовая Роща, 44;120;6;5
улица Березовая Роща, 68;64;4;5
улица Березовая Роща, 16;80;4;5
улица Березовая Роща, 6-в;71;2;9
улица Березовая Роща, 6-б;72;2;9
улица Березовая Роща, 2-б;51;1;9
улица Березовая Роща, 50;118;3;5
улица Ворошилова, 2;143;10;45
улица Ворошилова, 42;120;2;5
улица Ворошилова, 1-в;184;1;25
улица Ворошилова, 6;122;8;5
улица Ворошилова, 30;80;4;5
улица Ворошилова, 32;80;4;5
улица Ворошилова, 55;79;2;10
улица Ворошилова, 7;89;5;5
улица Ворошилова, 49-а;77;2;10
улица Ворошилова, 44;99;6;5
улица Ворошилова, 49;120;3;10
улица Ворошилова, 12;33;2;5
улица Ворошилова, 1-г;185;1;25
улица Ворошилова, 1/6;180;3;
улица Ворошилова, 45-б;238;2;17
улица Ворошилова, 29;80;4;5
улица Ворошилова, 50;108;4;9
улица Ворошилова, 47;79;2;10
улица Ворошилова, 9;35;1;9
улица Ворошилова, 23;77;4;5
улица Ворошилова, 38-а;88;3;7
улица Ворошилова, 31-а;176;2;10
улица Ворошилова, 37;48;1;9
улица Ворошилова, 43;177;4;42
улица Ворошилова, 31;80;4;5
улица Ворошилова, 21;70;4;5
улица Ворошилова, 4;70;4;5
улица Молодогвардейцев, 21;97;6;5
улица Молодогвардейцев, 4;129;8;5
улица Молодогвардейцев, 10;170;1;5
улица Молодогвардейцев, 13;120;2;5
улица Молодогвардейцев, 20;60;4;5
улица Молодогвардейцев, 7;132;4;9
улица Молодогвардейцев, 22;120;8;5
улица Молодогвардейцев, 14;139;2;5
улица Молодогвардейцев, 19;60;4;5
улица Молодогвардейцев, 15;174;1;5
улица Молодогвардейцев, 8;80;6;5
улица Молодогвардейцев, 12;150;2;5
улица Молодогвардейцев, 11;175;2;5
улица Молодогвардейцев, 16;129;8;5
улица Генерала Перхоровича, 10;119;3;10
улица Генерала Перхоровича, 8;120;3;10
улица Генерала Перхоровича, 3;91;5;5
улица Генерала Перхоровича, 7;70;4;5
улица Генерала Перхоровича, 4;216;6;9
улица Генерала Перхоровича, 9;70;4;5
улица Генерала Перхоровича, 12;119;3;10
улица Генерала Перхоровича, 11;144;4;9
улица Генерала Перхоровича, 2;84;1;12
улица Генерала Перхоровича, 1а;84;1;12
улица Генерала Перхоровича, 6;144;4;9
улица Генерала Перхоровича, 5;100;6;5
бульвар Пионеров, 16;80;4;5
бульвар Пионеров, 22;80;4;5
бульвар Пионеров, 17-б;119;1;17
бульвар Пионеров, 26;70;4;5
бульвар Пионеров, 10-в;160;4;10
бульвар Пионеров, 8;80;4;5
бульвар Пионеров, 19-а;108;3;9
бульвар Пионеров, 5;74;4;5
бульвар Пионеров, 15;144;4;9
бульвар Пионеров, 1;74;4;5
бульвар Пионеров, 9;158;3;5
бульвар Пионеров, 11;146;3;5
бульвар Пионеров, 6;65;4;5
бульвар Пионеров, 21;74;4;5
бульвар Пионеров, 4;110;3;5
бульвар Пионеров, 27;72;4;5
бульвар Пионеров, 2;79;4;5
улица Космонавтов, 23в корп. 1;153;1;17
улица Космонавтов, 28;80;4;5
улица Космонавтов, 60;231;3;12
улица Космонавтов, 26;80;4;5
улица Космонавтов, 18;136;8;5
улица Космонавтов, 23-в;204;1;17
улица Космонавтов, 50;80;4;5
улица Космонавтов, 10;64;4;5
улица Космонавтов, 14;78;4;5
улица Космонавтов, 30;80;4;5
улица Космонавтов, 32;80;4;5
улица Космонавтов, 56;119;6;5
улица Космонавтов, 62;98;3;9
улица Космонавтов, 40;100;1;5
улица Космонавтов, 22-а;64;4;5
улица Космонавтов, 12;76;4;5
улица Космонавтов, 8;64;4;5
улица Космонавтов, 22;75;4;5
улица Кривошеина, 70;162;4;9
улица Кривошеина, 13/11;544;6;45
улица Кривошеина, 9;80;6;4
улица Кривошеина, 13/13;744;6;17
улица Кривошеина, 68;126;3;9
улица Кривошеина, 19;143;4;9
улица Кривошеина, 13/9;271;1;17
улица Кривошеина, 13/12;187;1;17
улица Кривошеина, 23;144;1;9
улица Кривошеина, 17;143;4;9
улица Кривошеина, 72;100;2;10
улица Кривошеина, 1;80;4;5
улица Кривошеина, 21;143;4;9
улица Тепличная, 14;90;6;5
улица Тепличная, 26-а;238;6;10
улица Тепличная, 26/5;239;6;10
улица Тепличная, 6-б;318;8;10
улица Тепличная, 6-г;158;4;10
улица Тепличная, 8-б;276;7;10
улица Тепличная, 26-ж;356;9;10
улица Тепличная, 26/2;240;6;10
улица Тепличная, 26/4;319;8;10
улица Тепличная, 2-в;80;2;10
улица Тепличная, 8-а;318;8;10
улица Тепличная, 2-а;107;3;9
улица Тепличная, 26/11;88;2;10
улица Тепличная, 20;90;5;5
улица Тепличная, 26/12;80;2;10
улица Тепличная, 26/9;80;2;10
улица Тепличная, 26/10;76;2;10
улица Тепличная, 8;90;6;5
улица Тепличная, 2-б;119;3;10
улица Тепличная, 4;143;4;9
улица Тепличная, 6-в;158;4;10
улица Тепличная, 6;145;8;6
улица Тепличная, 28;60;4;5
улица Тепличная, 16;90;6;5
улица Тепличная, 2;180;2;9
улица Тепличная, 6-а;159;4;10
улица Ильича, 59;277;8;9
улица Ильича, 146;60;4;5
улица Ильича, 132;71;2;9
улица Ильича, 53;177;5;9
улица Ильича, 130;96;3;9
улица Ильича, 61;140;4;9
улица Ильича, 150;89;6;5
улица Ильича, 75;90;6;5
улица Ильича, 65;60;4;5
улица Ильича, 67;60;4;5
улица Ильича, 142;60;4;5
переулок Земнухова, 18-а;141;4;9
переулок Земнухова, 20-а;142;4;9
улица Заполярная, 1-а;179;5;9
улица Заполярная, 9;36;3;4
улица Киселева, 21;143;1;9
улица Киселева, 1;268;1;9
улица Киселева, 17;216;6;9
улица Киселева, 5;142;4;9
улица Папова, 10;339;7;10
улица Северцова, 48;197;5;10
улица Дорожная, 44-а;118;8;5
улица Дорожная, 1;150;1;16
улица Дорожная, 7;150;1;17
улица Дорожная, 9;153;1;17
улица Крымская, 3/1;474;4;17
улица Моисеева, 45;128;1;16
улица Моисеева, 44;82;1;12
улица Моисеева, 69;264;1;12
улица Моисеева, 61-б;135;1;17
улица Моисеева, 61;108;3;9
улица Моисеева, 33;46;3;5
улица Моисеева, 37;92;3;10
улица Моисеева, 9-б;229;3;16
улица Моисеева, 51;120;3;10
улица Моисеева, 63;264;1;12
улица Моисеева, 35;36;1;10
улица Моисеева, 47;207;6;9
улица Моисеева, 15-а;179;3;1
улица Моисеева, 43;171;5;9
улица Моисеева, 3;140;7;5
улица Моисеева, 75;138;3;1
улица Моисеева, 71;143;4;9
улица Моисеева, 73;137;4;9
улица Моисеева, 55;275;1;12
улица Моисеева, 11-а;51;1;12
улица Моисеева, 10;278;5;15
улица Моисеева, 25;144;8;9
улица Моисеева, 1;206;12;5
улица Моисеева, 42;58;4;5
улица Моисеева, 59;108;3;9
улица Моисеева, 51-а;89;5;5
улица Моисеева, 13/2;98;5;5
улица Моисеева, 65;108;3;9
улица Моисеева, 15;208;5;10
улица Моисеева, 11;107;6;5
улица Моисеева, 57;106;3;9
улица Моисеева, 80;82;1;12
улица Моисеева, 40;60;4;5
улица Моисеева, 67;108;3;9
улица Газовая, 16;32;2;4
улица Жигулевская, 28-а;60;3;5
улица Семилукская, 48;306;2;17
улица Костромская, 8/2;60;3;5
улица Костромская, 3;32;2;4
улица Костромская, 5;32;2;4
улица Костромская, 30;32;2;4
улица Костромская, 26-а;70;4;5
улица Костромская, 7;60;3;5
улица Костромская, 10;48;3;5
улица Костромская, 4;200;1;5
улица Костромская, 6;200;1;5
улица Костромская, 12/2;60;3;5
улица Костромская, 2;60;3;5
улица Туполева, 10;140;1;9
улица Туполева, 2-а;257;7;9
улица Туполева, 11-б;125;3;9
улица Туполева, 33;100;6;5
улица Туполева, 38;258;1;9
улица Туполева, 9;144;1;9
улица Туполева, 40;80;4;5
улица Туполева, 3-в;81;2;9
улица Туполева, 8;108;3;9
улица Туполева, 19;90;6;5
улица Туполева, 27-а;720;8;10
улица Туполева, 16;262;1;9
улица Туполева, 43;80;6;5
улица Туполева, 29-а;100;6;5
улица Туполева, 13;78;6;5
улица Туполева, 41;70;4;5
улица Туполева, 22;124;8;5
улица Туполева, 5;136;1;9
улица Туполева, 13-б;152;4;9
улица Туполева, 50;80;6;5
улица Туполева, 20;172;5;9
улица Туполева, 11-а;153;4;9
улица Туполева, 15-б;180;5;9
улица Туполева, 23;216;6;9
улица Туполева, 29;80;1;5
улица Туполева, 39;106;8;5
улица Туполева, 15;144;1;9
улица Туполева, 24;108;3;9
улица Туполева, 12;171;1;9
улица Туполева, 21;90;6;5
улица Туполева, 25;136;4;9
улица Туполева, 31;100;6;5
улица Туполева, 11;144;1;9
улица Туполева, 17;108;3;9
улица Туполева, 27;171;1;9
улица Туполева, 3;104;2;5
улица Туполева, 15-а;142;4;9
улица Туполева, 3-а;144;1;9
улица Туполева, 3-б;125;3;9
улица Туполева, 28;82;1;12
улица Туполева, 1;69;1;5
улица Туполева, 38-б;70;4;5
Рабочий проспект, 100;79;5;5
Рабочий проспект, 40;120;3;10
Рабочий проспект, 103;56;3;5
улица Лидии Рябцевой, 57;60;3;5
улица Лидии Рябцевой, 28-б;40;1;10
улица Лидии Рябцевой, 51-в;54;1;9
улица Лидии Рябцевой, 50;237;5;10
улица Лидии Рябцевой, 28-а;81;2;9
улица Лидии Рябцевой, 28;207;5;9
улица Лидии Рябцевой, 51-а;45;1;9
улица Лидии Рябцевой, 53;54;5;4
улица Лидии Рябцевой, 55;125;3;5
набережная Авиастроителей, 28-а;115;1;16
набережная Авиастроителей, 18;420;13;9
набережная Авиастроителей, 4;179;5;9
набережная Авиастроителей, 12;106;3;9
набережная Авиастроителей, 16;215;6;9
набережная Авиастроителей, 22;304;9;9
набережная Авиастроителей, 42;72;2;9
набережная Авиастроителей, 24;213;6;9
набережная Авиастроителей, 44;72;2;9
набережная Авиастроителей, 20;92;1;16
набережная Авиастроителей, 38;171;5;9
набережная Авиастроителей, 14;81;2;42
набережная Авиастроителей, 26;128;1;16
улица Чапаева, 124-б;181;2;17
улица Чапаева, 110;114;2;13
улица Чапаева, 58-а;36;1;10
улица Чапаева, 130-а;79;2;9
улица Чапаева, 114;117;3;10
улица Чапаева, 122;117;3;9
улица Чапаева, 52-а;231;2;17
улица Чапаева, 132;184;6;9
улица Чапаева, 118;156;4;9
улица Чапаева, 116;120;3;10
улица Чапаева, 126;179;6;10
улица Чапаева, 112;192;6;10
улица Чапаева, 120;142;4;9
улица Чапаева, 128;70;5;5
улица Чапаева, 130;69;4;5
улица Чапаева, 124;80;2;10
улица Чапаева, 122-а;47;1;12
улица Чапаева, 124-а;40;1;10
улица Еремеева, 27;80;4;5
улица Еремеева, 35;74;4;5
улица Еремеева, 39;71;4;5
улица Еремеева, 33;74;4;5
улица Еремеева, 43;32;3;3
улица Брусилова, 3;184;10;5
улица Полины Осипенко, 24;75;3;3
площадь Ленина, 4;136;6;6
площадь Ленина, 15;96;6;5
площадь Ленина, 3;45;3;5
площадь Ленина, 14;48;4;5
улица Донбасская, 5;64;4;5
улица Донбасская, 3;243;7;9
улица Донбасская, 1;56;4;5
улица Куколкина, 6;80;6;5
улица Куколкина, 33;425;9;7
улица Куколкина, 11;559;9;20
улица Куколкина, 1;62;4;5
улица Куколкина, 24;56;4;5
улица Куколкина, 29;90;5;5
улица Куколкина, 14;64;4;5
улица Куколкина, 31;40;2;5
улица Циолковского, 13;64;8;4
улица Циолковского, 7;60;3;5
улица Циолковского, 15;64;8;4
улица Циолковского, 29;32;2;4
улица Циолковского, 119;70;4;5
улица Циолковского, 5-а;71;1;12
улица Циолковского, 8;236;6;10
улица Циолковского, 11;120;6;5
улица Циолковского, 113/4;96;3;9
улица Циолковского, 121;70;4;5
улица Циолковского, 113/1;64;2;9
улица Циолковского, 113/2;89;3;9
улица Циолковского, 129;160;1;5
улица Циолковского, 19;75;1;3
улица Циолковского, 121а;88;6;5
улица Циолковского, 17;64;11;4
улица Циолковского, 7/2;60;3;5
улица Циолковского, 117;68;4;5
улица Циолковского, 31;50;4;5
улица Циолковского, 113/3;72;2;9
улица Циолковского, 123;113;8;5
улица Карпинского, 2;204;5;9
улица Карпинского, 4;146;4;9
улица Карпинского, 1;124;2;5
улица Карпинского, 17;69;4;5
улица Карпинского, 3;84;1;12
улица Карпинского, 5;60;4;5
улица Карпинского, 6 ;99;1;12
улица Карпинского, 15;120;2;5
улица Пятницкого, 65-а;111;2;21
улица Иркутская, 17;100;6;5
улица Иркутская, 70;180;5;9
улица Иркутская, 15;100;6;5
улица Иркутская, 15-а;157;1;9
улица Иркутская, 9;82;1;12
улица Иркутская, 27;171;2;9
улица Иркутская, 23;146;4;9
улица Иркутская, 19;80;6;5
улица Иркутская, 5;58;2;5
улица Иркутская, 1;144;4;9
улица Иркутская, 68;197;6;9
улица Иркутская, 21;96;6;5
улица Белинского, 21;48;4;8
улица Красноармейская, 33/13;64;5;45
улица Красноармейская, 60;105;2;9
улица Красноармейская, 17;171;10;45
улица Красноармейская, 27;95;7;5
улица Красноармейская, 62;48;6;4
улица Студенческая, 14;58;4;4
улица Студенческая, 31;45;6;4
улица Студенческая, 34;88;1;12
улица Студенческая, 33;62;7;4
улица Студенческая, 12-а;145;3;11
улица Студенческая, 14-а;35;2;5
улица Студенческая, 1;58;3;5
улица Ростовская, 59-а;120;2;10
улица Ростовская, 100б;1138;2;18
улица Ростовская, 58/5;237;6;10
улица Ростовская, 67;821;8;15
улица Ростовская, 84;117;3;10
улица Ростовская, 48/3;80;4;5
улица Ростовская, 61;253;7;9
улица Ростовская, 40;72;4;5
улица Ростовская, 80-а;97;3;9
улица Ростовская, 58/8;159;4;10
улица Ростовская, 58/4;339;7;10
улица Ростовская, 70;81;2;9
улица Ростовская, 86;200;5;10
улица Ростовская, 58/17;197;5;10
улица Ростовская, 73;252;6;10
улица Ростовская, 42;80;4;5
улица Ростовская, 48;60;3;5
улица Ростовская, 52;64;4;5
улица Ростовская, 58/18;158;4;10
улица Ростовская, 38;80;4;5
улица Ростовская, 72;214;6;9
улица Ростовская, 71;199;5;10
улица Ростовская, 69;280;4;10
улица Ростовская, 50;64;4;5
улица Ростовская, 58/22;165;4;10
улица Ростовская, 58/21;120;3;10
улица Ростовская, 48/2;38;2;5
улица Ростовская, 58/23;80;2;10
улица Ростовская, 58/3;338;7;10
улица Ростовская, 56/1;40;2;5
улица Ростовская, 46/5;100;5;5
улица Ростовская, 58/10;159;4;10
улица Ростовская, 58/19;282;7;10
улица Ростовская, 58/20;198;5;10
улица Ростовская, 66;261;1;9
улица Ростовская, 46/7;100;5;5
улица Ростовская, 53-а;119;2;10
улица Ростовская, 74;107;3;9
улица Ростовская, 58/7;237;6;10
улица Ростовская, 46/4;100;5;5
улица Ростовская, 26-а;62;4;5
улица Ростовская, 44;80;4;5
улица Ростовская, 76;141;4;9
улица Ростовская, 46/6;100;5;5
улица Ростовская, 58/1;236;6;10
улица Ростовская, 73-а;160;4;10
улица Ростовская, 46/8;100;5;5
улица Ростовская, 50/2;38;4;5
улица Ростовская, 53;60;1;10
улица Ростовская, 46/3;80;4;5
улица Черняховского, 1;315;5;9
улица Черняховского, 15-а;163;3;41
улица Черняховского, 6;90;6;5
улица Черняховского, 4;63;1;9
улица Республиканская, 74-а;546;10;16
улица Солнечная, 10;183;1;5
улица Солнечная, 27;33;;2
улица Солнечная, 2;149;2;5
улица Солнечная, 23;186;1;5
переулок Новый, 12;375;11;9
улица Грамши, 80;204;3;17
улица Грамши, 76;357;6;17
улица Грамши, 90;289;4;17
улица Грамши, 74;238;4;17
улица Грамши, 84;238;5;17
улица Грамши, 82;238;6;17
улица Грамши, 70;64;2;9
улица Грамши, 72;142;4;9
улица Матросова, 64;140;2;5
улица Матросова, 145-б;46;3;4
улица Матросова, 66а;89;1;12
улица Матросова, 139;58;2;3
улица Матросова, 6-а;99;3;9
улица Матросова, 6;109;8;5
улица Матросова, 127;245;7;9
улица Матросова, 149;48;3;4
улица Матросова, 145-а;46;3;4
улица Матросова, 139-а;53;3;5
улица Чайковского, 4;76;8;5
улица Чайковского, 3;53;3;5
улица Чайковского, 5;90;5;5
улица 30-летия Октября, 56;99;6;5
улица Ленина, 56;103;2;17
улица Ленина, 43;258;4;10
переулок Отличников, 37;57;6;4
улица Большая Манежная, 13-в;69;2;42
улица Большая Манежная, 2;70;4;6
улица Большая Манежная, 5;34;1;10
улица Сакко и Ванцетти, 69;52;2;9
улица Сакко и Ванцетти, 41;81;5;7
улица Сакко и Ванцетти, 96;154;1;14
улица Сакко и Ванцетти, 78-а;160;3;22
улица Арзамасская, 21;96;6;5
улица Володарского, 40;112;6;5
улица Володарского, 70;57;6;5
улица Володарского, 37-а;45;4;4
улица Айвазовского, 2-в;240;3;16
улица Острогожская, 164/2;440;8;12
улица Острогожская, 170/2;340;2;17
улица Острогожская, 168-р;182;2;17
улица Острогожская, 65;60;3;5
улица Острогожская, 164/1;530;10;12
улица Острогожская, 170/4;340;2;17
улица Острогожская, 164/4;260;3;12
улица Острогожская, 170/5;144;1;18
улица Острогожская, 170/10;340;2;17
улица Острогожская, 166/4 ;180;2;18
улица Острогожская, 166/3;180;2;18
улица Острогожская, 67-в;70;4;5
улица Острогожская, 170/7;144;1;17
улица Острогожская, 168-с;432;1;27
улица Острогожская, 168/5;128;1;17
улица Острогожская, 168/4;128;1;17
улица Острогожская, 168/2;128;1;17
улица Острогожская, 67-а;78;4;5
улица Острогожская, 168/3;128;1;17
улица Острогожская, 170/1;144;1;17
улица Острогожская, 67-б;60;3;5
улица Острогожская, 170/3;144;1;17
улица Острогожская, 170/12;340;2;17
улица Острогожская, 164/3;80;2;12
улица Острогожская, 168у;185;2;17
улица Острогожская, 67;64;4;4
улица Острогожская, 63;44;3;4
улица Теплоэнергетиков, 17 корпус 4;256;1;19
улица Теплоэнергетиков, 17 корпус 1;279;1;19
улица Теплоэнергетиков, 9;59;1;5
улица Теплоэнергетиков, 17 корпус 2;360;1;19
улица Теплоэнергетиков, 17 корпус 3;256;1;19
улица Теплоэнергетиков, 3;288;9;9
улица Теплоэнергетиков, 13;180;6;9
улица Теплоэнергетиков, 8;192;2;9
улица Теплоэнергетиков, 15;216;7;9
улица Теплоэнергетиков, 11;144;4;9
улица Теплоэнергетиков, 12;144;4;9
улица Теплоэнергетиков, 10;56;2;5
улица Теплоэнергетиков, 7;143;4;9
улица Путилина, 10;32;2;4
улица Путилина, 1;96;6;5
улица Путилина, 12-а;52;4;5
улица Путилина, 10-а;32;2;4
улица Менделеева, 5;41;3;4
улица Менделеева, 3;55;4;45
улица Менделеева, 4-а;213;2;12
улица Менделеева, 18-а;68;4;5
улица Менделеева, 18-б;70;4;5
улица Менделеева, 4;32;4;4
улица Менделеева, 18;60;3;5
улица Менделеева, 25;160;1;10
улица Менделеева, 21-а;57;4;5
улица Менделеева, 1;80;4;5
улица Корейская, 6-А;320;7;10
улица Корейская, 6-Б;140;3;10
улица Авиационная, 17;46;3;45
переулок Бауманский, 15;59;2;5
улица Декабристов, 32;63;2;8
улица Гайдара, 1-а;85;1;5
переулок Ботанический, 47-а;130;3;10
улица Брянская, 3;40;2;5
улица Брянская, 15-а;179;1;17
улица Помяловского, 38;54;1;10
улица Помяловского, 40;38;1;11
улица Вольная, 44;70;4;5
улица Херсонская, 21-а;646;5;43
улица Независимости, 78 корпус 1;625;2;23
улица Независимости, 84/5;282;1;19
улица Независимости, 82/2;176;2;17
улица Независимости, 84/3 ;282;1;18
улица Независимости, 78-б корпус 1;189;2;50
улица Независимости, 84/2;282;1;18
улица Независимости, 84;282;1;18
улица Независимости, 84/4;289;1;18
улица Независимости, 82/1;176;2;16
улица Рокоссовского, 45;180;2;18
улица Сельская, 2/2;160;1;17
улица Сельская, 2-м;429;3;18
улица Сельская, 2/1;359;4;9
улица Сельская, 2-ф;359;4;9
улица Сельская, 2-ш;359;4;9
улица Чехова, 2А;45;1;3
улица Чехова, 2В;45;1;3
квартал Олимпийский жилой массив, 2;287;4;17
квартал Олимпийский жилой массив, 4;292;4;17
улица Историка Костомарова, 48А;192;1;17
улица Историка Костомарова, 46/3;150;2;16
улица Историка Костомарова, 46/2;252;3;17
улица Историка Костомарова, 40а;192;1;17
улица Историка Костомарова, 42а;144;1;18
улица Историка Костомарова, 46/1;160;1;16
переулок Автогенный, 21;243;7;9
переулок Автогенный, 11-а;208;3;16
переулок Автогенный, 9;140;1;9
переулок Автогенный, 13;54;1;9
улица Желябова, 46;89;6;5
улица Желябова, 7;69;4;5
улица Желябова, 17;141;4;9
улица Желябова, 15;69;1;12
улица Свободы, 28К1;141;7;3
улица Свободы, 24;50;4;5
улица Кирова, 70;56;2;8
улица Кольцовская, 10;39;1;3
переулок Автоматчиков, 39;204;2;17
улица Ленина, 312;78;6;5
улица Рубиновая, 17;510;3;17
улица Рубиновая, 13;340;2;17
улица Рубиновая, 15;510;3;17
улица Рубиновая, 16;221;2;17
улица Рубиновая, 11;340;2;17
улица Рубиновая, 20;151;1;17
улица Рубиновая, 12;356;3;17
улица Рубиновая, 18;152;1;17
улица Рубиновая, 14;152;1;17
Ракетный переулок, 2;414;2;24
улица Адмирала Чурсина, 2;255;3;17
улица Адмирала Чурсина, 4;340;2;17
квартал Жилой массив Лесная поляна-3, 1;47;2;7
квартал Жилой массив Лесная поляна-3, 4;88;3;39
квартал Жилой массив Лесная поляна-3, 11;54;1;11
квартал Жилой массив Лесная поляна-3, 15;36;2;5
квартал Жилой массив Лесная поляна-3, 16;40;3;4
квартал Жилой массив Лесная поляна-3, 19;180;3;11
квартал Жилой массив Лесная поляна-3, 21-а;100;1;10
улица 45 Стрелковой Дивизии, 265-а;154;2;10
улица 45 Стрелковой Дивизии, 223;159;4;9
улица 45 Стрелковой Дивизии, 247/4;367;3;17
улица 45 Стрелковой Дивизии, 226;340;6;5
улица 45 Стрелковой Дивизии, 269;160;1;5
улица 45 Стрелковой Дивизии, 64/2 ;231;2;22
улица 45 Стрелковой Дивизии, 259/1;524;3;17
улица 45 Стрелковой Дивизии, 257;492;4;21
улица 45 Стрелковой Дивизии, 259/6;255;3;17
улица 45 Стрелковой Дивизии, 247-е;360;9;10
улица 45 Стрелковой Дивизии, 64/2 корпус 1;231;2;22
улица 45 Стрелковой Дивизии, 285;141;4;9
улица 45 Стрелковой Дивизии, 259/8;170;1;17
улица 45 Стрелковой Дивизии, 232/1;465;4;16
улица 45 Стрелковой Дивизии, 251-д;300;4;17
улица 45 Стрелковой Дивизии, 247/6;187;2;17
улица 45 Стрелковой Дивизии, 271;136;8;5
улица 45 Стрелковой Дивизии, 259/10;170;1;17
улица 45 Стрелковой Дивизии, 281-а;100;2;10
улица 45 Стрелковой Дивизии, 263;256;2;9
улица 45 Стрелковой Дивизии, 226-а;339;4;17
улица 45 Стрелковой Дивизии, 106;96;2;13
улица 45 Стрелковой Дивизии, 277;233;6;9
улица 45 Стрелковой Дивизии, 247/2;52;1;10
улица 45 Стрелковой Дивизии, 275/2;204;2;17
улица 45 Стрелковой Дивизии, 62-а;240;6;10
улица 45 Стрелковой Дивизии, 273;142;4;9
улица 45 Стрелковой Дивизии, 283;142;4;9
улица 45 Стрелковой Дивизии, 247-д;120;4;10
улица 45 Стрелковой Дивизии, 275;180;5;9
улица 45 Стрелковой Дивизии, 259/16;255;3;17
улица 45 Стрелковой Дивизии, 251а;70;4;5
улица 45 Стрелковой Дивизии, 125;151;4;10
улица 45 Стрелковой Дивизии, 275/1;204;2;17
улица 45 Стрелковой Дивизии, 259/14;180;2;17
улица 45 Стрелковой Дивизии, 247-и;96;1;16
улица 45 Стрелковой Дивизии, 253;58;4;5
улица 45 Стрелковой Дивизии, 247/3;171;3;10
улица 45 Стрелковой Дивизии, 247-г;120;3;10
улица 45 Стрелковой Дивизии, 259/9;170;1;17
улица 45 Стрелковой Дивизии, 259/13;184;1;27
улица 45 Стрелковой Дивизии, 275-б;100;2;10
улица 45 Стрелковой Дивизии, 259/4;180;2;18
улица 45 Стрелковой Дивизии, 259/2;439;4;17
улица 45 Стрелковой Дивизии, 104;63;1;13
улица 45 Стрелковой Дивизии, 247/1;50;1;10
улица 45 Стрелковой Дивизии, 267;40;2;5
улица 45 Стрелковой Дивизии, 226-в;168;2;17
улица 45 Стрелковой Дивизии, 265;143;1;5
улица Владимира Невского, 31;481;12;9
улица Владимира Невского, 25/7;100;5;1
улица Владимира Невского, 7;467;14;9
улица Владимира Невского, 85-б;119;3;10
улица Владимира Невского, 25/9;168;2;17
улица Владимира Невского, 46/4;80;1;16
улица Владимира Невского, 25/8;170;2;17
улица Владимира Невского, 28;190;1;16
улица Владимира Невского, 65-а;72;2;9
улица Владимира Невского, 38-в;170;2;17
улица Владимира Невского, 53;197;4;9
улица Владимира Невского, 79;239;6;10
улица Владимира Невского, 40;286;8;9
улица Владимира Невского, 3;128;1;16
улица Владимира Невского, 85;160;4;10
улица Владимира Невского, 46/2;80;1;16
улица Владимира Невского, 27;321;9;9
улица Владимира Невского, 33-а;32;2;5
улица Владимира Невского, 47;191;4;9
улица Владимира Невского, 31-а;156;4;10
улица Владимира Невского, 44;179;2;9
улица Владимира Невского, 19;462;6;16
улица Владимира Невского, 25/4;92;5;54
улица Владимира Невского, 55;179;5;9
улица Владимира Невского, 38-б;199;4;13
улица Владимира Невского, 25/1;160;2;17
улица Владимира Невского, 38-г;238;3;17
улица Владимира Невского, 46;287;8;9
улица Владимира Невского, 38-д;169;2;17
улица Владимира Невского, 67;79;2;10
улица Владимира Невского, 25/2;160;2;17
улица Владимира Невского, 39-д;259;6;10
улица Владимира Невского, 38-е;272;4;17
улица Владимира Невского, 61;80;2;10
улица Владимира Невского, 13;275;3;1
улица Владимира Невского, 25/6;100;5;5
улица Владимира Невского, 18;135;4;9
улица Владимира Невского, 71;197;4;9
улица Владимира Невского, 19-а;280;7;10
улица Владимира Невского, 10;164;5;9
улица Владимира Невского, 13-б;109;4;1
улица Владимира Невского, 26;135;4;9
улица Владимира Невского, 15-а;177;5;9
улица Владимира Невского, 12;135;4;9
улица Владимира Невского, 17;178;5;9
улица Владимира Невского, 31-б;262;6;10
улица Владимира Невского, 13-в;109;5;6
улица Владимира Невского, 85-а;119;3;10
улица Владимира Невского, 63;179;5;9
улица Владимира Невского, 8;131;4;9
улица Владимира Невского, 83;280;7;10
улица Владимира Невского, 25/10;203;3;17
улица Владимира Невского, 81-а;119;3;10
улица Владимира Невского, 49;166;2;14
улица Владимира Невского, 69;78;2;9
улица Владимира Невского, 81;280;7;10
улица Владимира Невского, 46/3;80;1;16
улица Владимира Невского, 15;233;8;5
улица Владимира Невского, 35;215;5;10
улица Владимира Невского, 37;128;1;16
улица Владимира Невского, 24;61;2;9
улица Владимира Невского, 20;62;2;9
улица Владимира Невского, 39-б;207;5;10
улица Владимира Невского, 1-а;210;6;9
улица Владимира Невского, 25/5;92;5;6
улица Владимира Невского, 48-г;57;1;13
улица Владимира Невского, 57;80;2;10
улица Владимира Невского, 55-а;103;3;9
улица Владимира Невского, 48-в;168;3;15
улица Владимира Невского, 16;162;5;9
улица Владимира Невского, 9;143;4;9
улица Владимира Невского, 9-а;68;1;12
улица Владимира Невского, 38/2;153;2;17
улица Владимира Невского, 48;166;3;1
улица Владимира Невского, 38;306;4;17
улица Владимира Невского, 1-ав;64;1;12
улица Владимира Невского, 38-а;149;3;13
улица Владимира Невского, 1;139;4;9
улица Владимира Невского, 22;135;4;9
улица Владимира Невского, 51;80;2;10
улица Владимира Невского, 25/3;170;2;17
улица Владимира Невского, 29/1;152;3;9
улица Владимира Невского, 12-а;64;1;9
улица Владимира Невского, 38/3;152;2;17
улица Владимира Невского, 65;124;2;9
улица Владимира Невского, 59;180;5;9
улица Владимира Невского, 35-а;32;2;6
улица Владимира Невского, 33;32;2;5
улица Калининградская, 102;124;2;9
улица Калининградская, 108;178;5;9
улица Калининградская, 100-а;77;2;10
улица Лётчика Колесниченко, 65-а;576;4;17
улица Лётчика Колесниченко, 31;185;5;9
улица Лётчика Колесниченко, 44;133;4;9
улица Лётчика Колесниченко, 44-а;139;1;16
улица Лётчика Колесниченко, 42;144;4;9
улица Лётчика Колесниченко, 29;104;3;9
улица Лётчика Колесниченко, 33;80;6;5
улица Писателя Маршака, 2;98;6;5
улица Писателя Маршака, 9;100;5;5
улица Писателя Маршака, 7;100;5;5
улица Писателя Маршака, 10;120;6;5
улица Писателя Маршака, 4;117;6;5
улица Писателя Маршака, 16;54;1;9
улица Писателя Маршака, 3;95;5;5
улица Писателя Маршака, 6;111;6;5
улица Писателя Маршака, 28;96;6;5
улица Писателя Маршака, 21;54;1;9
улица Писателя Маршака, 24;120;6;5
улица Писателя Маршака, 22;120;6;5
улица Писателя Маршака, 23;54;1;9
улица Писателя Маршака, 17;54;1;9
улица Писателя Маршака, 8;117;6;5
улица Писателя Маршака, 30;80;4;5
улица Писателя Маршака, 20;120;6;5
переулок Политехнический, 1;62;1;9
переулок Политехнический, 14;199;6;9
переулок Политехнический, 2;180;5;9
переулок Политехнический, 3;232;6;9
переулок Политехнический, 4 ;306;3;21
переулок Политехнический, 10;83;1;15
улица 60-летия ВЛКСМ, 13;144;4;9
улица 60-летия ВЛКСМ, 9;265;8;9
улица 60-летия ВЛКСМ, 7;131;4;9
улица 60-летия ВЛКСМ, 5;170;5;9
улица 60-летия ВЛКСМ, 15;144;4;9
улица 60-летия ВЛКСМ, 21;128;1;16
улица 60-летия ВЛКСМ, 11;192;1;16
улица 20-летия Октября, 105/1;96;2;5
улица 20-летия Октября, 38-а;61;4;5
улица 20-летия Октября, 107;80;4;5
улица 20-летия Октября, 42-а;66;4;5
улица 20-летия Октября, 78;88;3;3
улица 20-летия Октября, 66-а;85;1;16
улица 20-летия Октября, 24;66;2;1
улица 20-летия Октября, 22;170;3;1
улица 20-летия Октября, 77-а;120;1;5
улица 20-летия Октября, 94;60;4;5
улица 20-летия Октября, 44;72;4;5
улица 20-летия Октября, 88-е;100;1;17
улица 20-летия Октября, 64;125;4;42
улица 20-летия Октября, 40-а;120;7;5
улица 20-летия Октября, 92;122;6;6
улица 20-летия Октября, 66;114;4;12
улица 20-летия Октября, 52;89;5;5
улица 20-летия Октября, 101;66;4;5
улица 20-летия Октября, 50;70;6;5
улица 20-летия Октября, 48;90;6;5
улица 20-летия Октября, 38;58;3;5
улица 20-летия Октября, 95-б;38;2;5
улица 20-летия Октября, 95-а;42;3;5
улица 20-летия Октября, 86;40;5;4
улица 20-летия Октября, 76;80;1;12
улица Магистральная, 11;148;1;17
улица Магистральная, 13;151;1;17
бульвар 70 лет Победы, 3;288;3;17
бульвар 70 лет Победы, 1;150;1;16
улица Ломоносова, 114/35;130;3;10
улица Ломоносова, 114/36;330;4;16
улица Ломоносова, 84;271;2;19
улица Ломоносова, 114/22 к 2;339;2;17
улица Ломоносова, 118;144;4;9
улица Ломоносова, 80;375;2;26
улица Ломоносова, 114/29;120;3;10
улица Ломоносова, 117;431;7;16
улица Ломоносова, 114/6;149;4;9
улица Ломоносова, 114/22 к 1;339;2;17
улица Ломоносова, 114/25;199;5;10
улица Ломоносова, 114/5;278;7;9
улица Ломоносова, 114/30;80;2;10
улица Ломоносова, 114/33;79;2;10
улица Ломоносова, 115;129;14;5
улица Ломоносова, 114/10;240;8;9
улица Ломоносова, 114/7;258;6;10
улица Ломоносова, 114/44;177;5;45
улица Ломоносова, 114/12;113;3;1
улица Ломоносова, 83-б;58;3;5
улица Ломоносова, 114/28;244;3;10
улица Ломоносова, 114-г;119;3;10
улица Ломоносова, 114/4;234;6;9
улица Ломоносова, 114/13;143;5;
улица Ломоносова, 114/8;243;6;20
улица Ломоносова, 114/22;120;3;10
улица Ломоносова, 114/27;118;3;10
улица Ломоносова, 114/32;79;2;10
улица Ломоносова, 114/31;144;4;1
улица Ломоносова, 114/24;160;4;10
улица Ломоносова, 114/26;160;4;10
улица Ломоносова, 83-в;58;3;5
улица Ломоносова, 114/19;162;4;10
улица Ломоносова, 116/9;60;4;5
улица Ломоносова, 114/20;178;1;16
улица Ломоносова, 114/15;45;1;10
улица Свободы, 31;77;2;9
улица Свободы, 59;64;4;5
улица Свободы, 29;50;3;5
улица Свободы, 55;100;6;5
улица Свободы, 10;88;3;10
улица Свободы, 45;93;3;11
улица Свободы, 22;144;2;4
улица Свободы, 77-а;87;1;5
улица Свободы, 65;64;4;5
улица Свободы, 67;80;4;5
улица Антонова-Овсеенко, 29;564;8;12
улица Антонова-Овсеенко, 7-б;592;4;17
улица Антонова-Овсеенко, 41;180;3;16
улица Антонова-Овсеенко, 15;108;3;9
улица Антонова-Овсеенко, 33-б;411;5;18
улица Антонова-Овсеенко, 31;337;4;17
улица Антонова-Овсеенко, 11;62;1;9
улица Антонова-Овсеенко, 33;235;6;10
улица Антонова-Овсеенко, 31-а;258;6;10
улица Антонова-Овсеенко, 7-л;204;2;17
улица Антонова-Овсеенко, 25-а;80;1;13
улица Антонова-Овсеенко, 23-а;138;3;10
улица Антонова-Овсеенко, 13;59;1;9
улица Антонова-Овсеенко, 9;62;1;9
улица Юлюса Янониса, 9-а;127;4;10
улица Юлюса Янониса, 17-а;94;2;13
улица Юлюса Янониса, 11;138;5;9
улица Юлюса Янониса, 8/2;158;3;5
улица Юлюса Янониса, 6-а;80;2;10
улица Юлюса Янониса, 10/1;158;3;5
улица Юлюса Янониса, 11-а;138;4;1
улица Юлюса Янониса, 24;64;4;5
улица Юлюса Янониса, 12-а;69;5;5
улица Юлюса Янониса, 15;72;2;9
улица Юлюса Янониса, 7;180;5;9
улица Юлюса Янониса, 5;139;3;9
улица Юлюса Янониса, 12;100;5;5
улица Юлюса Янониса, 8/1;158;3;5
улица Юлюса Янониса, 1;192;1;16
улица Юлюса Янониса, 16;100;5;5
улица Юлюса Янониса, 9;180;5;9
улица Юлюса Янониса, 14;100;5;5
улица Юлюса Янониса, 14-а;75;5;5
улица Юлюса Янониса, 18;100;5;5
улица Юлюса Янониса, 17;215;6;9
улица Юлюса Янониса, 10/2;158;3;5
улица Юлюса Янониса, 3;198;7;9
улица 9 Января, 89;79;4;5
улица 9 Января, 298;118;3;10
улица 9 Января, 300/4;130;3;10
улица 9 Января, 272;277;1;9
улица 9 Января, 233/45;180;2;17
улица 9 Января, 233/15;238;6;10
улица 9 Января, 68 корп. 3;662;6;15
улица 9 Января, 87;466;12;9
улица 9 Января, 270-а;156;3;9
улица 9 Января, 233/20;120;3;10
улица 9 Января, 233/23;79;2;10
улица 9 Января, 294;127;1;16
улица 9 Января, 294-а;120;3;10
улица 9 Января, 32;111;1;17
улица 9 Января, 128;64;4;5
улица 9 Января, 284;143;4;9
улица 9 Января, 48;50;1;4
улица 9 Января, 68/2 корпус 4;155;1;17
улица 9 Января, 241/1;200;2;10
улица 9 Января, 148;197;6;9
улица 9 Января, 300/2;80;2;10
улица 9 Января, 233/32;429;9;10
улица 9 Января, 258;106;3;9
улица 9 Января, 241/11;158;4;10
улица 9 Января, 68 корп. 4;469;4;15
улица 9 Января, 266;192;1;16
улица 9 Января, 133;738;5;18
улица 9 Января, 264;120;3;10
улица 9 Января, 300/5;79;2;10
улица 9 Января, 262/3;289;7;10
улица 9 Января, 57;45;1;3
улица 9 Января, 233/26;200;5;10
улица 9 Января, 241/8;80;2;10
улица 9 Января, 302;149;1;17
улица 9 Января, 300/3;80;2;10
улица 9 Января, 68 корп. 1;494;4;15
улица 9 Января, 233/21;119;3;10
улица 9 Января, 241/7;158;4;10
улица 9 Января, 300-б;260;6;10
улица 9 Января, 122;64;4;5
улица 9 Января, 131;255;2;18
улица 9 Января, 54-в;193;2;17
улица 9 Января, 233/19;317;8;10
улица 9 Января, 231-е;220;4;10
улица 9 Января, 223И;378;2;20
улица 9 Января, 175;210;2;17
улица 9 Января, 233/16;79;2;10
улица 9 Января, 241/9;180;2;17
улица 9 Января, 278;246;1;9
улица 9 Января, 51;31;2;4
улица 9 Января, 262/6;113;1;17
улица 9 Января, 300/1;80;2;10
улица 9 Января, 270;92;2;9
улица 9 Января, 49;75;8;4
улица 9 Января, 91;78;4;5
улица 9 Января, 241/10;237;6;10
улица 9 Января, 241/6;158;4;10
улица 9 Января, 270-б;136;1;17
улица 9 Января, 68/2 корпус 2;135;1;17
улица 9 Января, 233-а;128;3;10
улица 9 Января, 282-а;128;1;16
улица 9 Января, 68 корп. 2;466;4;15
улица 9 Января, 241/2;300;3;10
улица 9 Января, 231-д;239;6;10
улица 9 Января, 129;32;2;5
улица 9 Января, 286;192;1;16
улица 9 Января, 233/12;119;3;10
улица 9 Января, 233/9;238;6;10
улица 9 Января, 262/2;120;3;10
улица 9 Января, 298-а;120;3;10
улица 9 Января, 233/35;416;4;17
улица 9 Января, 241/14;160;4;10
улица 9 Января, 97;80;4;5
улица 9 Января, 99;64;4;5
улица 9 Января, 241/5;280;4;10
улица 9 Января, 256;132;4;9
улица 9 Января, 280;144;4;9
улица 9 Января, 68/2 корпус 1;135;1;17
улица 9 Января, 182/1;32;2;4
улица 9 Января, 292;96;1;16
улица 9 Января, 233/28;120;3;10
улица 9 Января, 211;143;4;9
улица 9 Января, 262/1;200;5;10
улица 9 Января, 282;71;2;9
улица 9 Января, 68/2 корпус 3;165;1;17
улица 9 Января, 241/3;120;3;10
улица 9 Января, 233/13;119;3;10
улица 9 Января, 300;200;5;10
улица 9 Января, 233/17;277;7;10
улица 9 Января, 42;49;3;5
улица 9 Января, 288;128;1;16
улица 9 Января, 233-в;118;3;10
улица 9 Января, 111;53;4;5
улица 9 Января, 241/15;159;4;10
улица 9 Января, 233/27;80;2;10
улица 9 Января, 191-б;40;2;5
улица 9 Января, 233/18;119;3;10
улица 9 Января, 233/14;119;3;10
улица 9 Января, 233-б;119;3;10
улица 9 Января, 110;100;1;10
улица 9 Января, 233/8;79;2;10
улица Шукшина, 27;191;3;16
улица Шукшина, 21;181;1;16
улица Шукшина, 23;178;1;16
улица Шукшина, 19;191;1;16
улица Шукшина, 31;80;2;10
улица 25 Января, 38;84;1;12
улица 25 Января, 2-а;72;2;9
улица 25 Января, 52;163;4;9
улица 25 Января, 20-а;72;2;9
улица 25 Января, 52-а;237;6;10
улица 25 Января, 14-а;128;1;16
улица 25 Января, 24;142;4;9
улица 25 Января, 22;126;8;5
улица 25 Января, 6-а;117;3;10
улица 25 Января, 34-б;80;2;10
улица 25 Января, 42;171;1;9
улица 25 Января, 40;74;6;5
улица 25 Января, 8-а;144;4;9
улица 25 Января, 34;142;4;9
улица 25 Января, 70;140;4;9
улица 25 Января, 2;134;4;9
улица 25 Января, 30;142;4;9
улица 25 Января, 72;192;4;9
улица 25 Января, 32-а;72;2;9
улица 25 Января, 4;78;1;12
улица 25 Января, 34-а;158;4;10
улица 25 Января, 28;77;1;12
улица 25 Января, 18;143;4;9
улица 25 Января, 46;119;8;5
улица 25 Января, 8;100;6;5
улица 25 Января, 50;128;4;9
улица 25 Января, 12;72;2;9
улица 25 Января, 6;142;4;9
переулок Здоровья, 90 Г/1 к.1;286;4;16
переулок Здоровья, 90-о;184;3;1?
переулок Здоровья, 90-г;414;6;16
переулок Здоровья, 90/4;255;2;17
переулок Здоровья, 90Г/1;128;2;16
переулок Здоровья, 90-а;493;13;10
переулок Здоровья, 90/2;80;2;10
переулок Здоровья, 90/1;103;1;17
переулок Здоровья, 90/3;170;2;17
улица Карла Маркса, 108/110;51;5;4
улица Карла Маркса, 40-а;231;5;10
улица Карла Маркса, 98;142;4;10
улица Карла Маркса, 116-а;496;7;16
улица Карла Маркса, 94;79;5;4
улица Карла Маркса, 78;33;2;5
улица Карла Маркса, 76;50;1;9
улица Карла Маркса, 66;86;5;5
улица Карла Маркса, 45;31;1;9
улица Карла Маркса, 49;110;8;5
улица Карла Маркса, 92;32;4;4
улица Карла Маркса, 74;49;1;9
улица Карла Маркса, 112;68;7;4
улица Карла Маркса, 56;48;3;8
улица Карла Маркса, 61;47;5;4
улица Карла Маркса, 38;52;3;5
улица Карла Маркса, 92-а;34;3;5
улица Космонавта Комарова, 2;143;4;9
улица Космонавта Комарова, 13;130;4;9
улица Космонавта Комарова, 6;141;4;9
улица Космонавта Комарова, 10;143;4;9
улица Космонавта Комарова, 7;120;8;5
улица Космонавта Комарова, 14;135;4;9
улица Космонавта Комарова, 12;143;4;9
улица Космонавта Комарова, 8-а;228;4;10
улица Космонавта Комарова, 11;106;3;9
улица Космонавта Комарова, 5;120;8;5
улица Космонавта Комарова, 16;135;4;9
улица Космонавта Комарова, 8-б;40;1;10
улица Космонавта Комарова, 3;120;8;5
улица Космонавта Комарова, 4;143;4;9
улица 60 Армии, 8;259;1;12
улица 60 Армии, 22-а;158;4;10
улица 60 Армии, 6;264;1;12
улица 60 Армии, 21;194;2;15
улица 60 Армии, 28;170;2;17
улица 60 Армии, 9;90;6;5
улица 60 Армии, 35;161;3;9
улица 60 Армии, 22-б;119;3;10
улица 60 Армии, 31;179;5;9
улица 60 Армии, 26;163;2;17
улица 60 Армии, 29;288;8;9
улица 60 Армии, 25;135;5;9
улица 60 Армии, 2;264;1;12
улица 60 Армии, 23;347;10;9
улица 60 Армии, 37;127;1;16
улица 60 Армии, 1;72;2;9
улица 60 Армии, 15;143;4;9
улица 60 Армии, 27;205;5;1
улица 60 Армии, 11;60;4;5
улица 60 Армии, 5;72;2;9
улица 60 Армии, 4;264;1;12
улица 60 Армии, 3;142;4;9
улица 60 Армии, 17;72;2;9
улица 60 Армии, 29-а;201;5;1
улица Беговая, 219-ж;352;4;14
улица Беговая, 158;170;7;9
улица Беговая, 166;143;4;9
улица Беговая, 4/1;215;6;9
улица Беговая, 219/2;425;5;17
улица Беговая, 172;218;4;10
улица Беговая, 138;144;4;9
улица Беговая, 219/3;340;4;17
улица Беговая, 170;159;4;10
улица Беговая, 162;319;6;9
улица Беговая, 223/1;204;2;17
улица Беговая, 8/1;56;4;5
улица Беговая, 223/4;407;2;15
улица Беговая, 223/2;375;2;18
улица Беговая, 10/2;90;6;5
улица Беговая, 160;153;4;9
улица Беговая, 2/3;325;8;3
улица Беговая, 152;174;4;10
улица Беговая, 6/1;90;6;5
улица Беговая, 150;80;2;10
улица Беговая, 148;158;4;9
улица Беговая, 142;84;1;12
улица Беговая, 156;142;1;9
улица Беговая, 8/3;80;1;12
улица Беговая, 223-в;120;2;12
улица Беговая, 128;103;3;9
улица Беговая, 10/5;106;2;9
улица Беговая, 168;216;6;9
улица Беговая, 225-а;156;3;13
улица Беговая, 219-д;111;1;17
улица Беговая, 219/1;595;7;17
улица Беговая, 6/3;90;6;5
улица Беговая, 6/2;90;6;5
улица Беговая, 229;340;4;17
улица Беговая, 138-а;158;4;10
улица Беговая, 219-е;450;5;17
улица Беговая, 130;84;1;12
улица Беговая, 217;112;3;9
улица Беговая, 225;205;4;13
улица Беговая, 144;225;6;9
улица Беговая, 225-в;156;3;13
улица Беговая, 140;108;3;9
улица Беговая, 8/2;56;4;5
улица Беговая, 2/1;200;5;10
улица Суворова, 122-д;387;2;19
улица Суворова, 122-б;787;2;25
улица Суворова, 122-а;636;2;25
улица Суворова, 65;258;6;9
улица Суворова, 116-а;99;1;10
улица Суворова, 122-в;595;2;26
улица Суворова, 116;90;2;10
улица Переверткина, 2;143;1;9
улица Переверткина, 15;129;8;5
улица Переверткина, 1/6;300;2;25
улица Переверткина, 1/4;271;3;17
улица Переверткина, 51;84;1;14
улица Переверткина, 1/12;300;1;29
улица Переверткина, 45;282;1;9
улица Переверткина, 10;80;4;5
улица Переверткина, 28;119;8;5
улица Переверткина, 6;100;6;5
улица Переверткина, 22;90;6;5
улица Переверткина, 48;140;8;5
улица Переверткина, 17;129;8;5
улица Переверткина, 1/7;300;2;25
улица Переверткина, 49;112;3;9
улица Переверткина, 35/1;60;1;10
улица Переверткина, 33;142;4;9
улица Переверткина, 39;120;3;9
улица Переверткина, 1/2;300;3;17
улица Переверткина, 38;99;6;5
улица Переверткина, 37;108;3;9
улица Переверткина, 27;142;4;9
улица Переверткина, 41;220;6;9
улица Переверткина, 18;99;6;5
улица Переверткина, 26;90;6;5
улица Переверткина, 42-а;83;1;12
улица Переверткина, 43;261;2;9
улица Переверткина, 31;236;6;10
улица Переверткина, 1/3;250;1;25
улица Переверткина, 1/10;295;1;25
улица Переверткина, 1/11;288;1;25
улица Переверткина, 1/8;300;1;25
улица Переверткина, 47;83;1;12
улица Переверткина, 31-а;198;5;10
улица Переверткина, 4;56;4;5
улица Переверткина, 20;90;6;5
улица Переверткина, 24-а;85;1;17
улица Переверткина, 29;128;4;9
улица Переверткина, 1/1;240;1;25
улица Переверткина, 11;56;4;5
улица Переверткина, 1/9;240;1;25
улица Переверткина, 35;176;5;9
улица Переверткина, 26-а;90;4;5
улица Переверткина, 21;72;1;9
улица Переверткина, 13;56;4;5
улица Переверткина, 24;118;6;5
улица Переверткина, 44;54;1;9
улица Артамонова, 38;104;8;5
улица Артамонова, 4-а;220;18;5
улица Артамонова, 38д корп. 1;437;5;17
улица Артамонова, 38-в;320;4;17
улица Артамонова, 22л;120;1;15
улица Артамонова, 30-а;179;4;10
улица Артамонова, 36;159;1;9
улица Артамонова, 38-б;198;5;10
улица Артамонова, 34-ж;912;11;4
улица Артамонова, 8-а;152;4;9
улица Артамонова, 34/9;380;3;45
улица Артамонова, 18;120;7;5
улица Артамонова, 20;127;2;9
улица Артамонова, 34-а;112;3;1
улица Артамонова, 34;104;8;5
улица Артамонова, 38-д;306;3;17
улица Артамонова, 9;59;1;9
улица Артамонова, 32;56;4;5
улица Артамонова, 40;64;1;9
улица Артамонова, 4-д;386;2;17
улица Артамонова, 34/8;398;3;45
улица Артамонова, 16;140;4;9
улица Артамонова, 22;127;4;9
улица Артамонова, 34/6;398;3;42
улица Артамонова, 11;85;6;5
улица Артамонова, 5;32;4;2
улица Артамонова, 2-а;90;2;9
улица Артамонова, 22и;168;2;17
улица Артамонова, 14;56;4;5
улица Артамонова, 38-а;144;1;9
улица Артамонова, 24;143;4;9
улица Артамонова, 7;92;3;1
улица Артамонова, 34-б;199;5;10
улица Артамонова, 42;65;1;9
улица Артамонова, 12-а;72;2;9
улица Артамонова, 28;70;4;5
улица Богатырская, 30;158;4;10
улица Мордасовой, 5;160;4;10
улица Мордасовой, 7-а;159;4;10
улица Мордасовой, 9;120;3;10
улица Мордасовой, 11-а;160;4;10
улица Мордасовой, 7;238;6;10
улица Мордасовой, 9-а;119;3;10
улица Мордасовой, 13;120;3;10
улица Мордасовой, 3-а;199;5;10
улица Мордасовой, 3;160;4;10
улица Мордасовой, 9-б;120;3;10
улица Транспортная, 65-а;107;3;10
улица Транспортная, 65;118;2;10
улица Транспортная, 83;119;3;10
улица Транспортная, 81;146;4;9
улица Транспортная, 79;74;5;5
улица Электровозная, 8;140;4;7
улица Электровозная, 6;72;2;9
улица Электровозная, 12-а;80;2;10
улица Защитников Родины, 24;120;2;5
улица Защитников Родины, 4;66;2;3
улица Защитников Родины, 10;63;4;5
улица Защитников Родины, 6;46;3;5
улица Защитников Родины, 16;48;3;4
улица Защитников Родины, 22;70;4;5
улица Защитников Родины, 1А;159;4;10
улица Защитников Родины, 8;36;3;4
улица Защитников Родины, 10-а;72;2;9
улица Торпедо, 33-а;180;2;15
улица Торпедо, 25;32;2;4
улица Торпедо, 34/1;50;1;10
улица Торпедо, 34;50;1;5
улица Торпедо, 23;32;2;4
улица Торпедо, 17-б;65;4;5
улица Торпедо, 17;80;4;5
улица Торпедо, 33;80;4;5
улица Торпедо, 17-а;155;2;5
улица Торпедо, 27;64;4;4
улица Торпедо, 15;64;4;5
улица Архитектора Троицкого, 5;160;4;10
улица Архитектора Троицкого, 8;72;2;9
улица Архитектора Троицкого, 3;44;1;10
улица Богдана Хмельницкого, 44;31;2;4
улица Богдана Хмельницкого, 25;258;3;19
улица Богдана Хмельницкого, 32-а;60;5;5
улица Богдана Хмельницкого, 54-б;120;3;10
улица Богдана Хмельницкого, 42;93;5;5
улица Богдана Хмельницкого, 20/1;45;1;9
улица Богдана Хмельницкого, 26-а;94;8;5
улица Богдана Хмельницкого, 46-а;120;6;5
улица Богдана Хмельницкого, 56-б;97;6;5
улица Богдана Хмельницкого, 66;86;2;9
улица Богдана Хмельницкого, 68;219;6;10
улица Богдана Хмельницкого, 50-а;112;8;5
улица Богдана Хмельницкого, 56-д;144;8;5
улица Богдана Хмельницкого, 51;92;6;4
улица Богдана Хмельницкого, 46-б;120;6;5
улица Богдана Хмельницкого, 56-в;94;6;4
улица Богдана Хмельницкого, 50;33;3;3
улица Богдана Хмельницкого, 64;71;2;9
улица Богдана Хмельницкого, 50-б;98;3;9
улица Ипподромная, 68/2;228;1;20
улица Ипподромная, 2-а;142;6;6
улица Ипподромная, 2-в;72;2;9
улица Героев Сибиряков, 32;119;8;5
улица Героев Сибиряков, 34;119;8;5
улица Героев Сибиряков, 41;100;6;5
улица Героев Сибиряков, 30;119;8;5
улица Героев Сибиряков, 67;83;1;12
улица Героев Сибиряков, 48;120;8;5
улица Героев Сибиряков, 27;90;6;5
улица Героев Сибиряков, 35;100;6;5
улица Героев Сибиряков, 37;143;4;9
улица Героев Сибиряков, 44;70;4;5
улица Героев Сибиряков, 33/2;80;1;12
улица Героев Сибиряков, 77;100;6;5
улица Героев Сибиряков, 67-а;78;1;12
улица Героев Сибиряков, 36;143;4;9
улица Героев Сибиряков, 24;203;6;9
улица Героев Сибиряков, 15-а;96;6;45
улица Героев Сибиряков, 53;152;1;9
улица Героев Сибиряков, 89;119;8;5
улица Героев Сибиряков, 14;120;8;5
улица Героев Сибиряков, 42;70;4;5
улица Героев Сибиряков, 65;179;12;5
улица Героев Сибиряков, 3;60;4;5
улица Героев Сибиряков, 36-а;141;4;9
улица Героев Сибиряков, 41-а;83;6;5
улица Героев Сибиряков, 43;100;6;5
улица Героев Сибиряков, 50;120;8;5
улица Героев Сибиряков, 61;89;6;5
улица Героев Сибиряков, 75;100;6;5
улица Героев Сибиряков, 59;90;6;5
улица Героев Сибиряков, 99;199;12;5
улица Героев Сибиряков, 53-а;81;2;9
улица Героев Сибиряков, 73;100;6;5
улица Героев Сибиряков, 52;120;8;5
улица Героев Сибиряков, 46;209;6;9
улица Героев Сибиряков, 103;78;1;12
улица Героев Сибиряков, 13;80;4;5
улица Героев Сибиряков, 91;100;5;5
улица Героев Сибиряков, 30-а;108;3;9
улица Героев Сибиряков, 97;100;5;5
улица Героев Сибиряков, 15;120;6;5
улица Героев Сибиряков, 55-а;80;4;5
улица Героев Сибиряков, 23;64;4;5
улица Героев Сибиряков, 47;70;4;5
улица Героев Сибиряков, 38;70;4;5
улица Героев Сибиряков, 57;90;6;5
улица Героев Сибиряков, 105;80;6;5
улица Героев Сибиряков, 101;83;1;12
улица Героев Сибиряков, 51;51;1;9
улица Героев Сибиряков, 18;83;1;12
улица Героев Сибиряков, 20;83;1;12
улица Героев Сибиряков, 8;120;8;5
улица Героев Сибиряков, 16;120;8;5
улица Героев Сибиряков, 31;90;6;5
улица Героев Сибиряков, 25;64;4;5
улица Героев Сибиряков, 19;56;3;5
улица Героев Сибиряков, 39;80;6;5
улица Героев Сибиряков, 54;96;3;9
улица Героев Сибиряков, 9;80;4;5
улица Героев Сибиряков, 45;64;4;5
улица Остужева, 29-а;210;3;15
улица Остужева, 3;120;1;16
улица Остужева, 7;80;6;5
улица Остужева, 22;77;4;5
улица Остужева, 1;160;5;9
улица Остужева, 40;80;1;12
улица Остужева, 32-а;108;3;9
улица Остужева, 44;119;8;5
улица Остужева, 1-а;128;4;9
улица Остужева, 32;54;1;9
улица Остужева, 24;119;8;5
улица Остужева, 5-а;200;6;9
улица Остужева, 28;282;6;9
улица Остужева, 12;80;4;5
улица Остужева, 46;119;8;5
улица Остужева, 48;119;8;5
улица Остужева, 15;91;6;5
улица Остужева, 3-а;143;4;9
улица Остужева, 5;48;1;9
улица Остужева, 30;119;8;5
улица Остужева, 6;295;6;9
улица Остужева, 34;119;8;5
улица Остужева, 36;192;4;9
улица Остужева, 42;80;6;5
улица Остужева, 10;80;4;5
улица Остужева, 50;100;6;5
улица Ленинградская, 82в;222;3;45
улица Ленинградская, 26-а;188;5;9
улица Ленинградская, 28;276;4;11
улица Ленинградская, 136;60;5;5
улица Ленинградская, 30;201;3;42
улица Ленинградская, 6;60;3;5
улица Ленинградская, 68;70;1;15
улица Ленинградская, 134;86;5;5
улица Ленинградская, 55;54;9;4
улица Ленинградская, 8;64;4;5
улица Ленинградская, 20;164;2;13
улица Ленинградская, 132;58;6;4
улица Ленинградская, 55-а;317;8;10
улица Ленинградская, 126;105;8;5
улица Ленинградская, 108;138;4;9
улица Ленинградская, 22;128;1;16
улица Ленинградская, 59/7;160;9;5
улица Ленинградская, 104;135;3;2
улица Ленинградская, 110;92;8;5
переулок Павловский, 64-в;179;5;9
переулок Павловский, 64-б;72;2;9
переулок Павловский, 56;305;7;9
переулок Павловский, 64-а;108;3;9
улица Гаршина, 10;90;2;9
улица Гаршина, 6;210;3;10
улица Гаршина, 16;71;1;12
улица Гаршина, 21;198;3;9
бульвар Фестивальный, 25-а;135;3;9
бульвар Фестивальный, 15-а;71;2;9
бульвар Фестивальный, 7-а;71;2;9
бульвар Фестивальный, 23-а;71;2;9
бульвар Фестивальный, 11-а;71;2;9
бульвар Фестивальный, 19-а;71;2;9
улица Олеко Дундича, 15;80;1;12
улица Олеко Дундича, 11;138;4;9
улица Олеко Дундича, 23;231;6;9
улица Олеко Дундича, 19;112;1;17
улица Олеко Дундича, 25;289;2;12
улица Олеко Дундича, 3;138;4;9
улица Олеко Дундича, 17;138;4;9
улица Олеко Дундича, 7;144;4;9
улица Олеко Дундича, 1;77;1;12
улица Олеко Дундича, 9;81;1;12
улица Шендрикова, 1;96;6;5
улица Шендрикова, 3;60;4;5
улица Шендрикова, 2;99;6;5
улица Шендрикова, 12;70;4;5
улица Шендрикова, 10;190;11;5
улица Шендрикова, 13;142;4;9
улица Шендрикова, 14;70;4;5
улица Шендрикова, 5;120;8;5
улица Южно-Моравская, 31;256;1;9
улица Южно-Моравская, 19-а;128;1;16
улица Южно-Моравская, 50/4;56;4;5
улица Южно-Моравская, 31-а;170;1;17
улица Южно-Моравская, 16;81;1;12
улица Южно-Моравская, 12;120;2;5
улица Южно-Моравская, 10;120;2;5
улица Южно-Моравская, 22;192;6;9
улица Южно-Моравская, 68;70;4;5
улица Южно-Моравская, 21;128;1;16
улица Южно-Моравская, 27;106;1;9
улица Южно-Моравская, 62;216;6;9
улица Южно-Моравская, 11;280;8;9
улица Южно-Моравская, 17;128;1;16
улица Южно-Моравская, 33;217;1;9
улица Южно-Моравская, 42;143;4;9
улица Южно-Моравская, 54;144;4;9
улица Южно-Моравская, 52;84;1;12
улица Южно-Моравская, 15-б;355;5;16
улица Южно-Моравская, 68/1;80;2;10
улица Южно-Моравская, 44;70;4;5
улица Южно-Моравская, 50/1;69;4;5
улица Южно-Моравская, 34;129;8;5
улица Южно-Моравская, 38;297;9;9
улица Южно-Моравская, 74;192;6;9
улица Южно-Моравская, 4;56;4;5
улица Южно-Моравская, 30;192;6;9
улица Южно-Моравская, 13;261;8;9
улица Южно-Моравская, 6;90;6;5
улица Южно-Моравская, 36;129;8;5
улица Южно-Моравская, 15;128;1;16
улица Южно-Моравская, 2;83;1;12
улица Южно-Моравская, 15-а;192;1;16
улица Южно-Моравская, 14;120;2;5
улица Южно-Моравская, 64;144;4;9
улица Южно-Моравская, 9;177;3;12
улица Южно-Моравская, 19;128;1;16
улица Южно-Моравская, 26;81;1;12
улица Южно-Моравская, 56;79;4;5
улица Южно-Моравская, 8;192;6;9
улица Южно-Моравская, 40;201;6;9
улица Южно-Моравская, 35;150;1;9
улица Южно-Моравская, 28;56;4;5
улица Южно-Моравская, 25;204;1;9
улица Южно-Моравская, 70;115;3;9
улица Южно-Моравская, 29;235;1;9
улица Южно-Моравская, 66;56;4;5
улица Южно-Моравская, 72;84;1;12
улица Южно-Моравская, 50/5;81;4;5
улица Домостроителей, 37;80;4;5
улица Домостроителей, 32;60;1;10
улица Домостроителей, 25;80;4;5
улица Домостроителей, 15;80;4;5
улица Домостроителей, 23;80;4;5
улица Домостроителей, 14-а;181;5;1
улица Домостроителей, 4;59;3;5
улица Домостроителей, 19;60;3;5
улица Домостроителей, 51-а;56;1;8
улица Домостроителей, 13;116;7;5
улица Домостроителей, 21;80;4;5
улица Домостроителей, 27;80;4;5
улица Домостроителей, 6;59;3;5
улица Домостроителей, 17;117;7;5
улица Домостроителей, 14;100;5;5
улица Домостроителей, 77;100;6;5
улица Домостроителей, 45;108;6;5
улица Домостроителей, 35;120;2;5
улица Домостроителей, 79;100;6;5
улица Домостроителей, 61;100;6;5
улица Домостроителей, 9;80;4;5
улица Домостроителей, 33;58;3;5
улица Домостроителей, 43;80;4;5
улица Домостроителей, 11;75;4;5
улица Домостроителей, 3;80;4;5
улица Домостроителей, 39;80;4;5
улица Домостроителей, 57;85;6;5
улица Домостроителей, 8;48;3;5
улица Домостроителей, 2;63;4;5
улица Домостроителей, 1;78;4;5
улица Домостроителей, 22;64;3;5
улица Домостроителей, 51;120;6;5
улица Пеше-Стрелецкая, 100;431;8;42
улица Пеше-Стрелецкая, 58 корп. 2;160;1;17
улица Пеше-Стрелецкая, 58 корп. 3;160;1;17
улица Пеше-Стрелецкая, 145;232;4;5
улица Пеше-Стрелецкая, 163;80;4;5
улица Пеше-Стрелецкая, 83;80;2;10
улица Пеше-Стрелецкая, 79-а;119;3;10
улица Пеше-Стрелецкая, 105;64;4;5
улица Пеше-Стрелецкая, 98;165;3;9
улица Пеше-Стрелецкая, 91;112;1;16
улица Пеше-Стрелецкая, 157;60;3;5
улица Пеше-Стрелецкая, 100-а;78;1;3
улица Пеше-Стрелецкая, 66;119;3;10
улица Пеше-Стрелецкая, 58 корп. 1;160;1;17
улица Пеше-Стрелецкая, 127;80;4;5
улица Пеше-Стрелецкая, 151;86;1;9
улица Пеше-Стрелецкая, 155;86;1;9
улица Пеше-Стрелецкая, 77;141;1;9
улица Пеше-Стрелецкая, 125;80;4;5
улица Пеше-Стрелецкая, 123;80;4;5
улица Пеше-Стрелецкая, 141;120;6;5
улица Пеше-Стрелецкая, 147;160;8;5
улица Пеше-Стрелецкая, 111;118;3;10
улица Пеше-Стрелецкая, 64;160;1;16
улица Пеше-Стрелецкая, 117;80;4;5
улица Пеше-Стрелецкая, 165;60;4;5
улица Пеше-Стрелецкая, 119;80;4;5
улица Пеше-Стрелецкая, 54;48;1;3
улица Изобретателей, 73;68;4;5
улица Антокольского, 4;120;2;10
улица Антокольского, 14;185;4;10
улица Антокольского, 8;160;1;5
улица Антокольского, 2;107;3;10
улица Антокольского, 10;70;1;5
переулок Архипова, 7-а;60;4;5
переулок Архипова, 9-а;60;4;5
улица Депутатская, 3;56;7;4
улица Депутатская, 21;211;12;5
улица Депутатская, 14;48;3;4
улица Депутатская, 19-а;224;6;10
улица Депутатская, 4;77;5;4
улица Депутатская, 9;163;10;45
улица Депутатская, 2;180;12;5
улица Депутатская, 6;173;9;5
улица Депутатская, 11-а;123;5;9
улица Депутатская, 10;63;5;4
улица Депутатская, 11;71;3;4
улица Депутатская, 1;56;7;4
улица Депутатская, 8;139;10;5
улица Депутатская, 7;195;3;4
улица Депутатская, 12;100;6;5
улица Конструкторов, 29-а;168;2;17
улица Конструкторов, 29-а корпус 1;160;2;17
улица Конструкторов, 62;49;4;5
улица Карла Либкнехта, 57;47;3;4
улица Берег реки Дон, 26/1;397;10;10
улица Берег реки Дон, 29-в;169;4;10
улица Берег реки Дон, 29-е;208;5;10
улица Театральная, 2;61;3;10
улица Театральная, 19;62;7;5
улица Театральная, 24;34;2;5
улица Театральная, 26;37;3;4
улица Ярославская, 21;166;1;5
улица Ярославская, 23;175;1;5
улица Ярославская, 24;64;4;5
улица Ярославская, 20;107;3;9
улица 3 Интернационала, 35;80;4;5
улица 3 Интернационала, 9;79;4;5
улица 3 Интернационала, 15;80;4;5
улица 3 Интернационала, 57;261;2;9
улица 3 Интернационала, 13;80;4;5
улица 3 Интернационала, 7;80;4;5
улица 3 Интернационала, 1;80;4;5
улица 3 Интернационала, 7-а;80;4;5
улица 3 Интернационала, 31;84;5;5
улица 3 Интернационала, 4;134;4;9
улица 3 Интернационала, 5;80;4;5
улица 3 Интернационала, 3;64;4;5
улица Бакунина, 24;295;8;9
улица Бакунина, 47;311;8;9
улица Бакунина, 41;75;1;17
улица Бакунина, 43;71;1;17
улица Бакунина, 45;75;1;17
улица Бакунина, 2;100;2;5
улица Кропоткина, 1;144;4;9
улица Кропоткина, 13-а;224;2;17
улица Кропоткина, 10;106;2;12
улица Кропоткина, 2;65;5;1
улица Кропоткина, 15;140;4;9
улица Кропоткина, 9-а;80;2;10
улица Кропоткина, 7;40;2;5
улица Кропоткина, 9-б;79;2;10
улица Кропоткина, 11-а;279;7;10
улица Кропоткина, 3;107;3;9
улица Кропоткина, 5;92;1;17
улица Пограничная, 2;64;2;10
улица Пограничная, 1;145;4;9
улица Плехановская, 1;112;14;5
улица Плехановская, 46;50;3;4
улица Плехановская, 56;50;1;9
улица Плехановская, 22;362;8;9
улица Плехановская, 59;64;4;5
улица Плехановская, 40;57;3;5
улица Плехановская, 58;64;3;5
улица Плехановская, 2;45;5;4
улица Плехановская, 60;56;3;5
улица Плехановская, 33;31;2;5
улица Плехановская, 30;79;2;9
улица Плехановская, 13;48;3;5
улица Плехановская, 20;100;5;5
улица Плехановская, 21;56;2;5
улица Плехановская, 45;48;5;4
улица Плехановская, 25;60;4;5
улица Плехановская, 35;100;7;5
улица Плехановская, 43;50;4;5
улица Плехановская, 62;110;11;4
улица Плехановская, 6;189;10;5
улица Плехановская, 58-а;70;4;5
улица Плехановская, 18;80;5;4
улица Плехановская, 15;63;5;5
улица Плехановская, 51;68;4;5
улица Плехановская, 24а;36;3;3
улица Плехановская, 49;51;3;5
улица Серафимовича, 41-а;198;4;10
улица Старых Большевиков, 92-а;255;6;10
улица Старых Большевиков, 16;196;6;9
улица Старых Большевиков, 92;143;4;9
улица Старых Большевиков, 98;90;6;5
улица Старых Большевиков, 18;103;6;5
улица Старых Большевиков, 20/2;112;3;5
улица Старых Большевиков, 90;96;1;12
улица Старых Большевиков, 94;96;1;12
улица Старых Большевиков, 14;135;4;9
улица Старых Большевиков, 44-а;90;2;9
улица Старых Большевиков, 2;183;3;1
улица Дружинников, 26;83;6;4
улица Рижская, 2;180;5;9
улица Рижская, 10;70;1;12
улица Рижская, 6-а;136;2;17
улица Рижская, 4;216;6;9
улица Рижская, 6;213;6;9
улица Рижская, 14;71;1;12
улица Рижская, 8;165;11;5
улица Рижская, 12;71;1;12
улица Волгоградская, 43-в;119;3;10
улица Волгоградская, 45;351;4;13
улица Волгоградская, 31;72;4;5
улица Волгоградская, 7;40;4;5
улица Волгоградская, 43;159;4;10
улица Волгоградская, 1/2;55;3;5
улица Волгоградская, 29;76;4;5
улица Волгоградская, 33;186;3;5
улица Волгоградская, 2;54;3;5
улица Волгоградская, 49;161;6;1
улица Волгоградская, 43-б;80;2;10
улица Волгоградская, 51;161;6;1
улица Волгоградская, 47;163;6;1
улица Меркулова, 2;60;5;4
улица Никитинская, 35;32;4;5
улица Никитинская, 49;45;5;2=
улица Никитинская, 46;159;3;5
улица Никитинская, 16-а;64;3;1
улица Никитинская, 23;53;3;5
улица Никитинская, 44-а;118;2;5
улица Никитинская, 38-а;32;4;4
улица Никитинская, 49-а;45;2;45
улица Никитинская, 16;35;4;4
улица Никитинская, 21;80;5;5
улица Никитинская, 27;54;3;5
улица Никитинская, 44;80;4;5
улица Никитинская, 19;59;4;5
улица Никитинская, 25;46;3;4
улица Мира, 2;124;6;5
улица Мира, 1;200;8;5
улица Мира, 8;46;3;5
улица Мира, 4;32;2;5
улица Мира, 6;67;4;5
улица Мира, 3;162;14;5
проспект Революции, 49;36;3;4
проспект Революции, 9-а;241;4;1
проспект Революции, 36/38;54;3;5
проспект Революции, 11;42;5;4
проспект Революции, 53;37;3;4
улица Войкова, 19;53;1;9
улица Войкова, 17;40;2;5
улица Войкова, 6;208;6;10
улица Войкова, 8;82;1;12
улица Зои Космодемьянской, 9;90;6;5
улица Зои Космодемьянской, 19;128;4;9
улица Зои Космодемьянской, 15;80;6;5
улица Зои Космодемьянской, 13;100;6;5
улица Зои Космодемьянской, 7;143;4;9
переулок Ольховый, 9-а;356;7;10
переулок Ольховый, 2-а;124;2;16
переулок Ольховый, 5;90;6;5
переулок Ольховый, 3;90;6;5
переулок Ольховый, 11;120;2;5
переулок Ольховый, 2-ж;99;2;17
переулок Ольховый, 2-б;189;3;1
переулок Ольховый, 9-б;199;9;10
переулок Ольховый, 2-д;125;2;16
переулок Ольховый, 13;120;2;5
переулок Ольховый, 2-е;64;1;17
переулок Ольховый, 2-в;121;2;16
переулок Ольховый, 7;90;6;5
переулок Ольховый, 2-г;76;1;17
улица Тимирязева, 4-а;70;4;5
улица Тимирязева, 27-а;663;4;17
улица Тимирязева, 23-а;288;5;10
улица Тимирязева, 4;68;4;5
улица Тимирязева, 12-б;153;1;5
улица Алексея Геращенко, 4;140;4;9
улица Алексея Геращенко, 3;83;1;12
улица Алексея Геращенко, 6;56;4;4
улица Алексея Геращенко, 1;84;1;12
переулок Гвардейский, 2;188;6;9
переулок Гвардейский, 4;200;6;9
улица Баррикадная, 39;68;4;5
улица Баррикадная, 30;82;1;12
улица Баррикадная, 13;384;10;9
улица Баррикадная, 11;143;4;9
улица Баррикадная, 7;144;4;9
улица Баррикадная, 37;81;1;12
улица Баррикадная, 26;194;6;9
улица Баррикадная, 5;180;5;10
улица Баррикадная, 9;143;4;9
улица Баррикадная, 35;129;8;5
улица Баррикадная, 7-а;168;2;12
улица Баррикадная, 28;193;6;9
улица Баррикадная, 34;48;6;4
улица Баррикадная, 5-а;170;4;10
улица Писарева, 17-а;107;3;9
улица Писарева, 19-а;106;3;9
улица Писарева, 5-а;129;8;5
улица Писарева, 17-б;107;3;9
улица Писарева, 7-а;70;4;5
улица Писарева, 11-а;86;1;5
улица Писарева, 1-а;167;1;9
улица Писарева, 3-а;157;1;9
улица Писарева, 13-а;152;1;9
улица Платонова, 11/1;85;1;17
улица Платонова, 7;70;1;9
улица Платонова, 18;35;3;5
улица Пушкинская, 44;64;4;5
улица Пушкинская, 11-а;96;6;7
улица Пушкинская, 2;120;8;5
улица Пушкинская, 35;48;3;5
улица Пушкинская, 45;60;4;5
улица Пушкинская, 4;47;3;5
улица Пушкинская, 18;40;3;4
улица Дзержинского, 4;111;4;45
улица Дзержинского, 12-а;84;5;45
улица Орджоникидзе, 18;42;3;4
улица Орджоникидзе, 14/16;136;8;5
улица Орджоникидзе, 2/4;53;4;4
улица Саврасова, 86;798;10;41
улица Саврасова, 2;103;3;9
улица Варейкиса, 51;98;5;5
улица Варейкиса, 7;100;6;5
улица Варейкиса, 55;80;4;5
улица Варейкиса, 71;84;4;5
улица Варейкиса, 68;146;1;9
улица Варейкиса, 74;118;6;5
улица Варейкиса, 78;75;4;5
улица Героев Стратосферы, 1;33;6;4
улица Героев Стратосферы, 18/1;72;1;10
улица Героев Стратосферы, 22-б;60;3;5
улица Героев Стратосферы, 5;50;7;4
улица Героев Стратосферы, 18;68;7;4
улица Героев Стратосферы, 15;197;10;5
улица Героев Стратосферы, 4;34;4;4
улица Героев Стратосферы, 13-а;90;1;10
улица Героев Стратосферы, 22-а;60;3;5
улица Героев Стратосферы, 22;172;10;5
улица Героев Стратосферы, 22-в;40;2;5
улица Героев Стратосферы, 20;80;4;5
улица Героев Стратосферы, 8;34;3;4
улица Героев Стратосферы, 14;38;5;4
улица Героев Стратосферы, 16;47;7;4
улица Героев Стратосферы, 9-а;97;2;9
улица Героев Стратосферы, 24/1;64;4;5
улица Маршала Неделина, 27;180;2;10
улица Маршала Неделина, 27-б;83;2;10
улица Броневая, 6;142;1;9
улица Броневая, 3-а;70;4;5
улица Броневая, 8;89;1;9
улица Броневая, 10;143;1;9
улица Броневая, 12;130;1;9
улица Броневая, 1;32;2;5
улица Таранченко, 29-б;71;3;11
улица Таранченко, 31;78;4;5
улица Феоктистова, 4;61;4;5
улица Феоктистова, 2;44;3;5
улица Алексеевского, 20;58;3;5
улица Алексеевского, 18;58;3;5
улица Алексеевского, 25;79;1;17
улица 25 Октября, 50;43;3;4
улица 25 Октября, 31;125;1;4
улица 25 Октября, 15;66;4;6
улица 25 Октября, 39;32;3;5
улица 25 Октября, 33;82;5;5
улица Станкевича, 45 корпус 1;799;6;19
улица Станкевича, 45;287;3;13
улица Станкевича, 38;33;4;4
улица Станкевича, 1;82;5;5
улица Станкевича, 40;65;4;4
улица Станкевича, 4;85;4;5
улица Кардашова, 1;94;8;5
улица Кардашова, 2;49;5;5
улица Кардашова, 4;48;3;4
улица Цюрупы, 18;57;4;5
улица Цюрупы, 36;44;3;4
улица Цюрупы, 16;40;2;5
улица Цюрупы, 9;31;2;5
улица Чернышевского, 41;70;1;14
улица Степана Разина, 37;54;3;38
улица Степана Разина, 45;36;3;7
улица Степана Разина, 49;57;4;4
переулок Невский, 8;46;2;45
улица Курчатова, 24;179;6;9
улица Курчатова, 18;72;2;9
улица Курчатова, 16;72;2;9
улица Курчатова, 22-б;88;2;9
улица Курчатова, 26;130;7;6
улица Курчатова, 21;72;2;9
улица Курчатова, 14;72;2;9
улица Курчатова, 22;72;2;9
улица Курчатова, 28;87;2;9
улица Курчатова, 28-а;80;2;9
улица Курчатова, 22-а;88;2;9
улица Курчатова, 20;72;2;9
улица Курчатова, 36-е;98;2;10
улица Чебышева, 10;158;3;5
улица Чебышева, 12;158;3;5
улица Чебышева, 22;89;1;9
улица Чебышева, 16;70;4;5
улица Чебышева, 14;84;1;12
улица Чебышева, 24;96;1;9
улица Чебышева, 20;96;3;9
улица Чебышева, 6;80;2;9
улица Чебышева, 11;60;4;5
улица Ушинского, 2;80;4;5
улица Ушинского, 8;80;4;5
улица Ушинского, 6;40;2;5
улица Волжская, 17;32;2;4
улица Волжская, 52-а;70;4;5
улица Небольсина, 19;32;2;4
улица Небольсина, 13;64;4;4
улица Небольсина, 7;120;6;5
улица Небольсина, 9;48;3;5
улица Пекинская, 25;60;3;5
улица Цимлянская, 8;175;5;9
улица Цимлянская, 6;70;4;5
улица Цимлянская, 1;36;1;9
улица Цимлянская, 2;70;4;5
переулок Чаплыгина, 3;47;3;4
переулок Цимлянский, 8а;224;2;16
улица Арсенальная, 4-а;240;5;7
улица Арсенальная, 1;105;6;6
улица Коммунаров, 41-б;40;2;5
переулок Алтайский, 26;80;4;5
переулок Алтайский, 28;56;4;5
улица Ильюшина, 13/2;170;2;17
улица Чуйская, 7;355;9;10
улица Чуйская, 9;159;4;10
переулок Детский, 24;59;3;5
переулок Серафимовича, 14;120;3;10
улица Багряная, 16/1;108;6;4
улица Гродненская, 65;756;7;27
улица Гродненская, 6;129;3;10
улица Лихачева, 25;72;;4
улица Нижняя, 73;278;2;17
улица Подклетенская, 19;141;1;9
улица Остроухова, 1;56;4;5
улица Остроухова, 5;60;4;5
улица Остроухова, 3;60;4;5
улица Короленко, 5;101;4;9
набережная Массалитинова, 16/1;45;3;5
улица Паровозная, 61;111;10;5
улица Корольковой, 10 корп. 1;297;3;10
улица Корольковой, 10 корп. 2;240;3;10
улица Корольковой, 10 корп. 3;238;3;10
улица Корольковой, 10 корп. 5;120;3;10
улица Корольковой, 10 корп. 4;160;4;10
набережная Максима Горького, 49-б;628;4;18
переулок Газовый, 15-б;120;3;10
переулок Газовый, 15-д;322;4;17
переулок Газовый, 15-н;170;2;17
переулок Газовый, 15-л;168;2;17
переулок Газовый, 15-и;170;2;17
переулок Газовый, 15-м;152;2;17
переулок Газовый, 15-е;170;2;17
улица Маршала Одинцова, 15;107;3;9
улица Маршала Одинцова, 25б/3;691;4;19
улица Маршала Одинцова, 25Б/8;248;2;17
улица Маршала Одинцова, 25Б/9;439;4;18
улица Маршала Одинцова, 25Б/1;390;3;17
улица Маршала Одинцова, 2;233;5;9
улица Маршала Одинцова, 21;83;1;12
улица Маршала Одинцова, 25Б/11;219;2;17
улица Маршала Одинцова, 25Б/6;251;2;19
улица Маршала Одинцова, 25 б/2;691;6;17
улица Маршала Одинцова, 25Б/13;153;1;17
улица Маршала Одинцова, 25Б/12;208;2;17
улица Маршала Одинцова, 25-а;415;4;16
улица Маршала Одинцова, 25Б/7;151;1;17
улица Маршала Одинцова, 25Б/10;151;1;17
улица Маршала Одинцова, 9;68;4;5
улица Маршала Одинцова, 25Б/5;439;4;17
улица Маршала Одинцова, 25 б/4;474;4;19
улица Маршала Одинцова, 4;108;3;9
улица Маршала Одинцова, 21-а;136;1;9
улица Маршала Одинцова, 25;90;2;9
улица Маршала Одинцова, 27;144;4;9
улица Маршала Одинцова, 13;104;3;9
улица Маршала Одинцова, 11;117;8;5
переулок Парашютистов, 6;117;8;5
переулок Парашютистов, 10;144;4;9
переулок Парашютистов, 4;66;4;5
улица Куцыгина, 21;292;8;9
улица Куцыгина, 12;45;5;5
улица Куцыгина, 27;87;5;6
улица Куцыгина, 35;61;5;45
улица Куцыгина, 29-а;32;2;5
улица Куцыгина, 18;85;5;5
улица Куцыгина, 30;56;4;5
улица Куцыгина, 35/1;55;4;4
улица Куцыгина, 6;165;5;9
улица Куцыгина, 19;64;4;5
улица Новосибирская, 28;188;5;9
улица Новосибирская, 35;90;6;5
улица Новосибирская, 34;128;4;9
улица Новосибирская, 66;157;1;5
улица Новосибирская, 61;128;4;9
улица Новосибирская, 26;108;3;9
улица Новосибирская, 27;315;9;9
улица Новосибирская, 61-д;752;8;17
улица Новосибирская, 43-а;236;1;12
улица Новосибирская, 19;108;3;9
улица Новосибирская, 41;90;6;5
улица Новосибирская, 33-а;143;4;9
улица Новосибирская, 53;243;7;9
улица Новосибирская, 59;214;6;9
улица Новосибирская, 23/2;100;5;5
улица Новосибирская, 43;60;4;5
улица Новосибирская, 33;141;4;9
улица Новосибирская, 25/2;100;5;5
улица Новосибирская, 31;144;4;9
улица Новосибирская, 36;108;3;9
улица Новосибирская, 55;207;6;9
улица Новосибирская, 20;36;1;9
улица Новосибирская, 24;98;3;9
улица Новосибирская, 29;225;7;9
улица Новосибирская, 39;89;6;5
улица Новосибирская, 37;90;6;5
улица Новосибирская, 32;195;6;9
улица Кирова, 3;127;8;5
улица Кирова, 26;83;5;5
улица Кирова, 8;192;5;10
улица Кирова, 10;160;5;10
улица Кирова, 1;120;6;5
улица Кирова, 22;43;1;16
улица Кирова, 24;59;5;5
улица Кольцовская, 54;94;6;4
улица Кольцовская, 17;137;8;5
улица Кольцовская, 46;128;4;9
улица Кольцовская, 56;64;6;5
улица Кольцовская, 38;57;6;4
улица Кольцовская, 46-а;116;2;16
улица Кольцовская, 5;88;5;5
улица Кольцовская, 44;95;5;5
улица Кольцовская, 66;49;3;5
улица Кольцовская, 39;154;4;5
улица Кольцовская, 76;186;10;5
улица Кольцовская, 47;97;5;5
улица Кольцовская, 30-а;48;3;5
улица Кольцовская, 52;117;11;5
улица Кольцовская, 41;58;4;5
улица Кольцовская, 37/1;48;3;5
улица Кольцовская, 58;32;2;5
улица Кольцовская, 14;32;2;4
улица Кольцовская, 29;45;3;5
улица Кольцовская, 34;48;6;5
улица Кольцовская, 25;46;2;5
улица Кольцовская, 2;99;10;5
улица Кольцовская, 82;96;8;5
улица Кольцовская, 4;92;8;4
улица Кольцовская, 19;32;4;5
улица Кольцовская, 70;51;1;9
улица Кольцовская, 72;75;4;5
улица Кольцовская, 49;63;4;5
улица Кольцовская, 30;57;5;4
улица Кольцовская, 37/2;64;4;5
переулок Молдавский, 2;272;3;17
улица Коренцова, 11;297;3;10
улица Коренцова, 9;219;4;10
улица Коренцова, 7;290;4;10
улица Коренцова, 5;257;3;10
улица Коренцова, 1;153;1;17
улица Шидловского, 3;170;2;17
улица Загоровского, 1;1439;9;45
микрорайон Северный, 7;152;9;5
микрорайон Северный, 19;38;2;4
микрорайон Северный, 19а;57;2;7
улица Танеева, 8;68;4;5
улица Танеева, 10;69;4;5
улица Танеева, 9;72;2;9
улица Керамическая, 37;144;4;9
улица Керамическая, 42;97;6;5
улица Керамическая, 33;81;2;9
улица Комсомольская, 27-а;127;4;41
бульвар Олимпийский, 6;2545;17;17
бульвар Олимпийский, 12;1645;11;17
бульвар Олимпийский, 14;1600;12;17
переулок Скорняжный, 10;46;1;6
улица Новгородская, 125;143;4;9
улица Новгородская, 121;179;5;9
улица Новгородская, 137;143;4;9
улица Новгородская, 131;58;4;5
улица Новгородская, 139;80;1;12
улица Новгородская, 141;84;1;12
улица Новгородская, 135;56;4;5
улица Новгородская, 133;58;4;5
улица Новгородская, 127;82;1;12
улица Новгородская, 129;105;3;9
улица 232 Стрелковой Дивизии, 2;75;6;5
улица 232 Стрелковой Дивизии, 17;190;1;16
улица 232 Стрелковой Дивизии, 9;191;1;16
улица 232 Стрелковой Дивизии, 25;71;2;9
улица 232 Стрелковой Дивизии, 6;143;4;9
улица 232 Стрелковой Дивизии, 23;107;3;9
улица 232 Стрелковой Дивизии, 27;139;4;9
улица 232 Стрелковой Дивизии, 11;192;1;16
улица 232 Стрелковой Дивизии, 51;200;5;10
улица 232 Стрелковой Дивизии, 45;234;7;9
улица 232 Стрелковой Дивизии, 37;72;2;9
улица 232 Стрелковой Дивизии, 13;192;1;16
улица 232 Стрелковой Дивизии, 25-а;71;2;9
улица 232 Стрелковой Дивизии, 39;119;8;5
улица 232 Стрелковой Дивизии, 21;108;3;9
улица 232 Стрелковой Дивизии, 31;120;3;9
улица 232 Стрелковой Дивизии, 8;108;3;9
улица 232 Стрелковой Дивизии, 43;144;4;9
улица 232 Стрелковой Дивизии, 41;72;2;9
улица 232 Стрелковой Дивизии, 19;192;1;16
улица 232 Стрелковой Дивизии, 35;192;1;16
улица 232 Стрелковой Дивизии, 29;72;2;9
улица 232 Стрелковой Дивизии, 15;143;4;9
улица 121 Стрелковой Дивизии, 6;80;4;5
улица 121 Стрелковой Дивизии, 11/1;136;2;17
улица 121 Стрелковой Дивизии, 9;1063;1;42
улица 121 Стрелковой Дивизии, 11-б;270;4;17
улица 121 Стрелковой Дивизии, 60;83;1;12
улица 121 Стрелковой Дивизии, 3;50;4;5
улица 121 Стрелковой Дивизии, 16;129;4;9
улица 121 Стрелковой Дивизии, 56;70;4;5
улица 121 Стрелковой Дивизии, 50;90;2;4
улица 121 Стрелковой Дивизии, 11-а;253;4;1
улица 121 Стрелковой Дивизии, 11/2;136;2;17
улица 121 Стрелковой Дивизии, 50-а;226;4;11
улица 121 Стрелковой Дивизии, 58;100;6;5
улица 121 Стрелковой Дивизии, 54-а;81;1;9
улица 121 Стрелковой Дивизии, 18;52;1;12
улица 121 Стрелковой Дивизии, 54;100;6;5
улица Краснознамённая, 35;48;1;10
улица Краснознамённая, 171-а;64;4;5
улица Краснознамённая, 15;606;6;9
улица Краснознамённая, 131;76;4;5
улица Краснознамённая, 27;103;1;16
улица Краснознамённая, 92;60;1;11
улица Краснознамённая, 10;69;1;12
улица Краснознамённая, 171;121;3;40
улица Краснознамённая, 129;40;3;4
улица Краснознамённая, 167;66;1;2
улица Краснознамённая, 14;120;1;9
улица Краснознамённая, 12;66;1;12
улица Краснознамённая, 133;78;4;5
улица Лётчика Замкина, 48;74;2;10
улица Фёдора Тютчева, 97;270;3;9
улица Фёдора Тютчева, 93-а;249;1;25
улица Фёдора Тютчева, 95-и;270;3;9
улица Фёдора Тютчева, 95-м;263;3;9
улица Фёдора Тютчева, 95-л;260;3;9
улица Фёдора Тютчева, 95-е;268;3;9
улица Фёдора Тютчева, 93/5;340;4;17
улица Фёдора Тютчева, 93/1;396;2;18
улица Фёдора Тютчева, 93/3;432;3;18
улица Фёдора Тютчева, 99-а;289;4;17
улица Фёдора Тютчева, 95-а;270;3;9
улица Фёдора Тютчева, 93/2;432;3;19
улица Фёдора Тютчева, 95;270;3;9
улица Фёдора Тютчева, 103;160;1;17
улица Беляевой, 7;160;8;5
улица Беляевой, 2;170;1;5
улица Беляевой, 4;170;1;5
улица Беляевой, 6;174;1;5
улица Волго-Донская, 11;40;2;5
улица Волго-Донская, 10;96;6;5
улица Волго-Донская, 42;90;6;5
улица Волго-Донская, 36;70;4;5
улица Волго-Донская, 18;100;6;5
улица Волго-Донская, 8;56;4;5
улица Волго-Донская, 22;100;6;5
улица Волго-Донская, 30;70;4;5
улица Волго-Донская, 24-а;100;6;5
улица Волго-Донская, 32;56;4;5
улица Волго-Донская, 13;55;1;4
улица Волго-Донская, 28;70;4;5
улица Волго-Донская, 15;40;2;5
улица Гагарина, 65;40;3;4
улица Ключникова , 3;144;1;17
улица Ключникова , 8;220;3;10
улица Ключникова , 1;144;1;17
улица Ключникова , 6;217;3;10
улица Ключникова , 4;158;2;11
улица Весенняя, 3 ;153;1;17
улица Весенняя, 1-а;153;1;17
улица Весенняя, 2;151;1;17
улица Весенняя, 1;153;1;17
улица Ясная, 2;64;2;8
улица Ясная, 4;64;2;8
переулок Советский, 13;66;5;45
улица Первоцветная, 3;126;3;9
улица Первоцветная, 7;63;1;7
улица Степная, 58;100;1;5
улица Маяковского, 37/2;33;3;3
улица Маяковского, 37/3;36;4;3
улица Маяковского, 37/4;33;3;3
улица Маяковского, 31;45;5;3
улица Урицкого, 92;142;4;9
улица Урицкого, 128;125;7;5
улица Урицкого, 157;150;1;18
улица Урицкого, 82;99;4;7
улица Урицкого, 124;64;4;5
улица Урицкого, 62;54;3;5
улица Урицкого, 155;146;1;18
улица Урицкого, 88;180;1;5
улица Урицкого, 126;64;4;5
улица Урицкого, 90;142;1;5
улица Урицкого, 66-а;52;1;9
Ленинский проспект, 82;64;4;5
Ленинский проспект, 142;139;8;5
Ленинский проспект, 205;180;5;9
Ленинский проспект, 213;80;2;9
Ленинский проспект, 221;155;1;17
Ленинский проспект, 43;128;1;16
Ленинский проспект, 144-а;113;2;1
Ленинский проспект, 99;64;4;5
Ленинский проспект, 107;80;4;5
Ленинский проспект, 124-б;360;5;15
Ленинский проспект, 71-а;59;1;12
Ленинский проспект, 71;249;4;9
Ленинский проспект, 25/1;609;10;1
Ленинский проспект, 187;90;6;5
Ленинский проспект, 61;71;4;5
Ленинский проспект, 28/1;140;7;5
Ленинский проспект, 215;261;2;12
Ленинский проспект, 6/2;132;3;5
Ленинский проспект, 7/2;144;4;9
Ленинский проспект, 26/1;192;10;5
Ленинский проспект, 17;66;4;5
Ленинский проспект, 116;64;4;5
Ленинский проспект, 32;64;4;5
Ленинский проспект, 9/4;56;4;5
Ленинский проспект, 81;128;8;5
Ленинский проспект, 148;226;5;9
Ленинский проспект, 189;192;4;9
Ленинский проспект, 10-а;399;10;10
Ленинский проспект, 215-в;130;1;25
Ленинский проспект, 96-а;308;8;41
Ленинский проспект, 130;130;1;12
Ленинский проспект, 72;60;3;5
Ленинский проспект, 21;84;2;1
Ленинский проспект, 13;115;7;5
Ленинский проспект, 94/6;60;4;5
Ленинский проспект, 101/2;60;4;5
Ленинский проспект, 38;68;4;5
Ленинский проспект, 177;192;4;9
Ленинский проспект, 20/1;184;10;5
Ленинский проспект, 51;119;8;5
Ленинский проспект, 227;79;1;10
Ленинский проспект, 135;86;1;5
Ленинский проспект, 68;100;6;5
Ленинский проспект, 49;180;5;9
Ленинский проспект, 80/2;80;4;5
Ленинский проспект, 138;129;8;5
Ленинский проспект, 137;79;1;12
Ленинский проспект, 155/2;157;3;5
Ленинский проспект, 94/5;70;4;5
Ленинский проспект, 34;66;1;12
Ленинский проспект, 159;96;6;5
Ленинский проспект, 152;89;6;5
Ленинский проспект, 94/4;48;3;4
Ленинский проспект, 16;62;6;4
Ленинский проспект, 117;264;6;п
Ленинский проспект, 7/3;124;1;2
Ленинский проспект, 126;238;3;15
Ленинский проспект, 63;128;8;5
Ленинский проспект, 136;129;8;5
Ленинский проспект, 9/3;70;4;5
Ленинский проспект, 150;128;3;9
Ленинский проспект, 134;192;6;9
Ленинский проспект, 61-а;56;1;12
Ленинский проспект, 195;90;6;5
Ленинский проспект, 73;357;7;9
Ленинский проспект, 45;128;8;5
Ленинский проспект, 127;72;3;5
Ленинский проспект, 77;68;1;12
Ленинский проспект, 125;118;6;5
Ленинский проспект, 124-а;252;3;15
Ленинский проспект, 146;100;6;5
Ленинский проспект, 5;69;4;5
Ленинский проспект, 110;60;4;5
Ленинский проспект, 132;77;1;12
Ленинский проспект, 111;64;4;5
Ленинский проспект, 105/2;75;6;5
Ленинский проспект, 80/1;60;3;5
Ленинский проспект, 3/2;128;1;16
Ленинский проспект, 145;70;4;5
Ленинский проспект, 45-а;56;1;12
Ленинский проспект, 203;275;1;9
Ленинский проспект, 70;60;4;5
Ленинский проспект, 53;90;6;5
Ленинский проспект, 74;60;3;5
Ленинский проспект, 3;117;6;5
Ленинский проспект, 100-б;100;2;11
Ленинский проспект, 7/4;324;10;9
Ленинский проспект, 103;64;4;5
Ленинский проспект, 55;90;6;5
Ленинский проспект, 9;85;5;5
Ленинский проспект, 88;36;3;3
Ленинский проспект, 28/2;40;2;5
Ленинский проспект, 65;143;4;9
Ленинский проспект, 131;106;6;5
Ленинский проспект, 223;199;5;10
Ленинский проспект, 57;90;6;5
Ленинский проспект, 11;138;10;5
Ленинский проспект, 36;213;12;5
Ленинский проспект, 155/1;157;3;5
Ленинский проспект, 113;70;4;5
Ленинский проспект, 39;215;7;9
Ленинский проспект, 193;90;6;5
Ленинский проспект, 92/2;80;4;5
Ленинский проспект, 97/4;100;6;5
Ленинский проспект, 9/2;80;4;5
Ленинский проспект, 18;61;4;5
Ленинский проспект, 181;90;6;5
Ленинский проспект, 8/1;105;5;45
Ленинский проспект, 22/1;171;10;5
Ленинский проспект, 24/1;190;10;5
Ленинский проспект, 6/1;60;3;5
Ленинский проспект, 12;58;6;4
Ленинский проспект, 147;70;4;5
Ленинский проспект, 123;75;4;5
Ленинский проспект, 30;160;8;5
Ленинский проспект, 161;90;6;5
Ленинский проспект, 10;46;5;4
Ленинский проспект, 115;100;6;5
Ленинский проспект, 108;61;3;5
Ленинский проспект, 163;90;6;5
Ленинский проспект, 105/1;79;4;5
Ленинский проспект, 75;124;2;9
Ленинский проспект, 92/1;56;3;5
Ленинский проспект, 79;70;4;5
Ленинский проспект, 76;80;4;5
улица 40 лет Октября, 8;267;4;17
улица 40 лет Октября, 12;119;3;10
улица 40 лет Октября, 10;90;2;10
улица 40 лет Октября, 2;144;4;9
улица 40 лет Октября, 14;188;5;10
улица Машиностроителей, 90;72;4;5
улица Машиностроителей, 13/1;388;12;10
улица Машиностроителей, 82;225;2;17
улица Машиностроителей, 26-а;59;3;5
улица Машиностроителей, 51;96;6;4
улица Машиностроителей, 11;48;3;4
улица Машиностроителей, 47;48;3;4
улица Машиностроителей, 49;47;3;4
улица Машиностроителей, 94;70;4;5
улица Машиностроителей, 92;66;4;5
улица Машиностроителей, 39;32;2;4
улица Машиностроителей, 80;64;4;5
улица Комиссаржевской, 23;55;3;5
улица Комиссаржевской, 5;50;4;4
улица Комиссаржевской, 6-а;37;5;4
улица Комиссаржевской, 15-б;34;3;6
улица Комиссаржевской, 15;50;1;4
улица Комиссаржевской, 8-а;37;2;5
улица Комиссаржевской, 18;40;4;5
улица Комиссаржевской, 21;36;2;5
улица Комиссаржевской, 10-а;32;5;4
улица Комиссаржевской, 1;43;4;4
улица Ватутина, 14;66;4;5
улица Ватутина, 7;80;4;5
улица Ватутина, 16;56;4;5
улица Красных Зорь, 54;213;6;9
улица Красных Зорь, 52;80;4;5
бульвар Художников, 2;217;3;10
микрорайон Южный, 9;92;6;4
микрорайон Южный, 5;116;6;4
микрорайон Южный, 10;68;4;4
улица 9 января, 3;54;1;10
улица 9 января, 4;72;1;8
улица Порт-Артурская, 21;119;3;10
улица Порт-Артурская, 19;99;1;15
улица Ржевская, 9;234;5;9
улица Ржевская, 11;285;3;10
улица Ржевская, 9-а;95;1;12
улица Ржевская, 7;36;3;3
улица Ржевская, 3;48;3;4
улица Ржевская, 11/2;73;3;4
улица Ржевская, 11/5;295;3;6
улица Ржевская, 2/2;36;3;4
улица Ржевская, 11/4;117;4;6
улица Ржевская, 11/1;167;3;10
улица Ржевская, 11/3;135;5;5
улица Кленовая, 2;135;3;7
